0 verbose cli C:\Program Files\nodejs\node.exe C:\Program Files\nodejs\node_modules\npm\bin\npm-cli.js
1 info using npm@11.9.0
2 info using node@v24.14.0
3 silly config load:file:C:\Program Files\nodejs\node_modules\npm\npmrc
4 silly config load:file:D:\WMS\nuomi_wms\admin-web\.npmrc
5 silly config load:file:C:\Users\Administrator\.npmrc
6 silly config load:file:C:\Users\Administrator\AppData\Roaming\npm\etc\npmrc
7 verbose title npm install
8 verbose argv "install" "--cache" ".npm-cache" "--no-audit" "--no-fund"
9 verbose logfile logs-max:10 dir:D:\WMS\nuomi_wms\admin-web\.npm-cache\_logs\2026-07-16T10_16_34_234Z-
10 verbose logfile D:\WMS\nuomi_wms\admin-web\.npm-cache\_logs\2026-07-16T10_16_34_234Z-debug-0.log
11 silly logfile done cleaning log files
12 silly packumentCache heap:4496293888 maxSize:1124073472 maxEntrySize:562036736
13 silly idealTree buildDeps
14 silly fetch manifest axios@latest
15 silly packumentCache full:https://registry.npmjs.org/axios cache-miss
16 http fetch GET 200 https://registry.npmjs.org/axios 1038ms (cache miss)
17 silly packumentCache full:https://registry.npmjs.org/axios set size:undefined disposed:false
18 silly fetch manifest element-plus@latest
19 silly packumentCache full:https://registry.npmjs.org/element-plus cache-miss
20 http fetch GET 200 https://registry.npmjs.org/npm 1329ms
21 http fetch GET 200 https://registry.npmjs.org/element-plus 467ms (cache miss)
22 silly packumentCache full:https://registry.npmjs.org/element-plus set size:undefined disposed:false
23 silly fetch manifest vue@latest
24 silly packumentCache full:https://registry.npmjs.org/vue cache-miss
25 http fetch GET 200 https://registry.npmjs.org/vue 443ms (cache miss)
26 silly packumentCache full:https://registry.npmjs.org/vue set size:undefined disposed:false
27 silly fetch manifest typescript@latest
28 silly packumentCache full:https://registry.npmjs.org/typescript cache-miss
29 http fetch GET 200 https://registry.npmjs.org/typescript 866ms (cache miss)
30 silly packumentCache full:https://registry.npmjs.org/typescript set size:undefined disposed:false
31 silly fetch manifest pinia@latest
32 silly packumentCache full:https://registry.npmjs.org/pinia cache-miss
33 http fetch GET 200 https://registry.npmjs.org/pinia 233ms (cache miss)
34 silly packumentCache full:https://registry.npmjs.org/pinia set size:undefined disposed:false
35 silly fetch manifest @vue/devtools-api@^8.1.5
36 silly packumentCache full:https://registry.npmjs.org/@vue%2fdevtools-api cache-miss
37 http fetch GET 200 https://registry.npmjs.org/@vue%2fdevtools-api 238ms (cache miss)
38 silly packumentCache full:https://registry.npmjs.org/@vue%2fdevtools-api set size:undefined disposed:false
39 silly fetch manifest vue-router@latest
40 silly packumentCache full:https://registry.npmjs.org/vue-router cache-miss
41 http fetch GET 200 https://registry.npmjs.org/vue-router 252ms (cache miss)
42 silly packumentCache full:https://registry.npmjs.org/vue-router set size:undefined disposed:false
43 silly fetch manifest @pinia/colada@>=0.21.2
44 silly packumentCache full:https://registry.npmjs.org/@pinia%2fcolada cache-miss
45 http fetch GET 200 https://registry.npmjs.org/@pinia%2fcolada 223ms (cache miss)
46 silly packumentCache full:https://registry.npmjs.org/@pinia%2fcolada set size:undefined disposed:false
47 silly fetch manifest @vue/compiler-sfc@^3.5.34 || ^4.0.0
48 silly packumentCache full:https://registry.npmjs.org/@vue%2fcompiler-sfc cache-miss
49 http fetch GET 200 https://registry.npmjs.org/@vue%2fcompiler-sfc 288ms (cache miss)
50 silly packumentCache full:https://registry.npmjs.org/@vue%2fcompiler-sfc set size:undefined disposed:false
51 silly fetch manifest vite@latest
52 silly packumentCache full:https://registry.npmjs.org/vite cache-miss
53 http fetch GET 200 https://registry.npmjs.org/vite 1519ms (cache miss)
54 silly packumentCache full:https://registry.npmjs.org/vite set size:undefined disposed:false
55 silly fetch manifest @types/node@latest
56 silly packumentCache full:https://registry.npmjs.org/@types%2fnode cache-miss
57 http fetch GET 200 https://registry.npmjs.org/@types%2fnode 647ms (cache miss)
58 silly packumentCache full:https://registry.npmjs.org/@types%2fnode set size:undefined disposed:false
59 silly fetch manifest @vitejs/devtools@^0.3.0
60 silly packumentCache full:https://registry.npmjs.org/@vitejs%2fdevtools cache-miss
61 http fetch GET 200 https://registry.npmjs.org/@vitejs%2fdevtools 219ms (cache miss)
62 silly packumentCache full:https://registry.npmjs.org/@vitejs%2fdevtools set size:undefined disposed:false
63 silly fetch manifest esbuild@^0.27.0 || ^0.28.0
64 silly packumentCache full:https://registry.npmjs.org/esbuild cache-miss
65 http fetch GET 200 https://registry.npmjs.org/esbuild 269ms (cache miss)
66 silly packumentCache full:https://registry.npmjs.org/esbuild set size:undefined disposed:false
67 silly fetch manifest jiti@>=1.21.0
68 silly packumentCache full:https://registry.npmjs.org/jiti cache-miss
69 http fetch GET 200 https://registry.npmjs.org/jiti 223ms (cache miss)
70 silly packumentCache full:https://registry.npmjs.org/jiti set size:undefined disposed:false
71 silly fetch manifest less@^4.0.0
72 silly packumentCache full:https://registry.npmjs.org/less cache-miss
73 http fetch GET 200 https://registry.npmjs.org/less 219ms (cache miss)
74 silly packumentCache full:https://registry.npmjs.org/less set size:undefined disposed:false
75 silly fetch manifest sass@^1.70.0
76 silly packumentCache full:https://registry.npmjs.org/sass cache-miss
77 http fetch GET 200 https://registry.npmjs.org/sass 233ms (cache miss)
78 silly packumentCache full:https://registry.npmjs.org/sass set size:undefined disposed:false
79 silly fetch manifest sass-embedded@^1.70.0
80 silly packumentCache full:https://registry.npmjs.org/sass-embedded cache-miss
81 http fetch GET 200 https://registry.npmjs.org/sass-embedded 216ms (cache miss)
82 silly packumentCache full:https://registry.npmjs.org/sass-embedded set size:undefined disposed:false
83 silly fetch manifest stylus@>=0.54.8
84 silly packumentCache full:https://registry.npmjs.org/stylus cache-miss
85 http fetch GET 200 https://registry.npmjs.org/stylus 210ms (cache miss)
86 silly packumentCache full:https://registry.npmjs.org/stylus set size:undefined disposed:false
87 silly fetch manifest sugarss@^5.0.0
88 silly packumentCache full:https://registry.npmjs.org/sugarss cache-miss
89 http fetch GET 200 https://registry.npmjs.org/sugarss 205ms (cache miss)
90 silly packumentCache full:https://registry.npmjs.org/sugarss set size:undefined disposed:false
91 silly fetch manifest postcss@^8.3.3
92 silly packumentCache full:https://registry.npmjs.org/postcss cache-miss
93 http fetch GET 200 https://registry.npmjs.org/postcss 240ms (cache miss)
94 silly packumentCache full:https://registry.npmjs.org/postcss set size:undefined disposed:false
95 silly fetch manifest terser@^5.16.0
96 silly packumentCache full:https://registry.npmjs.org/terser cache-miss
97 http fetch GET 200 https://registry.npmjs.org/terser 227ms (cache miss)
98 silly packumentCache full:https://registry.npmjs.org/terser set size:undefined disposed:false
99 silly fetch manifest tsx@^4.8.1
100 silly packumentCache full:https://registry.npmjs.org/tsx cache-miss
101 http fetch GET 200 https://registry.npmjs.org/tsx 215ms (cache miss)
102 silly packumentCache full:https://registry.npmjs.org/tsx set size:undefined disposed:false
103 silly fetch manifest yaml@^2.4.2
104 silly packumentCache full:https://registry.npmjs.org/yaml cache-miss
105 http fetch GET 200 https://registry.npmjs.org/yaml 212ms (cache miss)
106 silly packumentCache full:https://registry.npmjs.org/yaml set size:undefined disposed:false
107 silly fetch manifest @vitejs/plugin-vue@latest
108 silly packumentCache full:https://registry.npmjs.org/@vitejs%2fplugin-vue cache-miss
109 http fetch GET 200 https://registry.npmjs.org/@vitejs%2fplugin-vue 229ms (cache miss)
110 silly packumentCache full:https://registry.npmjs.org/@vitejs%2fplugin-vue set size:undefined disposed:false
111 silly fetch manifest @vue/test-utils@latest
112 silly packumentCache full:https://registry.npmjs.org/@vue%2ftest-utils cache-miss
113 http fetch GET 200 https://registry.npmjs.org/@vue%2ftest-utils 232ms (cache miss)
114 silly packumentCache full:https://registry.npmjs.org/@vue%2ftest-utils set size:undefined disposed:false
115 silly fetch manifest @vue/compiler-dom@3.x
116 silly packumentCache full:https://registry.npmjs.org/@vue%2fcompiler-dom cache-miss
117 http fetch GET 200 https://registry.npmjs.org/@vue%2fcompiler-dom 239ms (cache miss)
118 silly packumentCache full:https://registry.npmjs.org/@vue%2fcompiler-dom set size:undefined disposed:false
119 silly fetch manifest @vue/server-renderer@3.x
120 silly packumentCache full:https://registry.npmjs.org/@vue%2fserver-renderer cache-miss
121 http fetch GET 200 https://registry.npmjs.org/@vue%2fserver-renderer 250ms (cache miss)
122 silly packumentCache full:https://registry.npmjs.org/@vue%2fserver-renderer set size:undefined disposed:false
123 silly fetch manifest jsdom@latest
124 silly packumentCache full:https://registry.npmjs.org/jsdom cache-miss
125 http fetch GET 200 https://registry.npmjs.org/jsdom 224ms (cache miss)
126 silly packumentCache full:https://registry.npmjs.org/jsdom set size:undefined disposed:false
127 silly fetch manifest canvas@^3.0.0
128 silly packumentCache full:https://registry.npmjs.org/canvas cache-miss
129 http fetch GET 200 https://registry.npmjs.org/canvas 226ms (cache miss)
130 silly packumentCache full:https://registry.npmjs.org/canvas set size:undefined disposed:false
131 silly fetch manifest vitest@latest
132 silly packumentCache full:https://registry.npmjs.org/vitest cache-miss
133 http fetch GET 200 https://registry.npmjs.org/vitest 255ms (cache miss)
134 silly packumentCache full:https://registry.npmjs.org/vitest set size:undefined disposed:false
135 silly fetch manifest @edge-runtime/vm@*
136 silly packumentCache full:https://registry.npmjs.org/@edge-runtime%2fvm cache-miss
137 http fetch GET 200 https://registry.npmjs.org/@edge-runtime%2fvm 222ms (cache miss)
138 silly packumentCache full:https://registry.npmjs.org/@edge-runtime%2fvm set size:undefined disposed:false
139 silly fetch manifest @opentelemetry/api@^1.9.0
140 silly packumentCache full:https://registry.npmjs.org/@opentelemetry%2fapi cache-miss
141 http fetch GET 200 https://registry.npmjs.org/@opentelemetry%2fapi 228ms (cache miss)
142 silly packumentCache full:https://registry.npmjs.org/@opentelemetry%2fapi set size:undefined disposed:false
143 silly fetch manifest @vitest/browser-playwright@4.1.10
144 silly packumentCache full:https://registry.npmjs.org/@vitest%2fbrowser-playwright cache-miss
145 http fetch GET 200 https://registry.npmjs.org/@vitest%2fbrowser-playwright 220ms (cache miss)
146 silly packumentCache full:https://registry.npmjs.org/@vitest%2fbrowser-playwright set size:undefined disposed:false
147 silly fetch manifest playwright@*
148 silly packumentCache full:https://registry.npmjs.org/playwright cache-miss
149 http fetch GET 200 https://registry.npmjs.org/playwright 604ms (cache miss)
150 silly packumentCache full:https://registry.npmjs.org/playwright set size:undefined disposed:false
151 silly fetch manifest @vitest/browser-preview@4.1.10
152 silly packumentCache full:https://registry.npmjs.org/@vitest%2fbrowser-preview cache-miss
153 http fetch GET 200 https://registry.npmjs.org/@vitest%2fbrowser-preview 216ms (cache miss)
154 silly packumentCache full:https://registry.npmjs.org/@vitest%2fbrowser-preview set size:undefined disposed:false
155 silly fetch manifest @vitest/browser-webdriverio@4.1.10
156 silly packumentCache full:https://registry.npmjs.org/@vitest%2fbrowser-webdriverio cache-miss
157 http fetch GET 200 https://registry.npmjs.org/@vitest%2fbrowser-webdriverio 213ms (cache miss)
158 silly packumentCache full:https://registry.npmjs.org/@vitest%2fbrowser-webdriverio set size:undefined disposed:false
159 silly fetch manifest webdriverio@*
160 silly packumentCache full:https://registry.npmjs.org/webdriverio cache-miss
161 http fetch GET 200 https://registry.npmjs.org/webdriverio 274ms (cache miss)
162 silly packumentCache full:https://registry.npmjs.org/webdriverio set size:undefined disposed:false
163 silly fetch manifest puppeteer-core@>=22.x || <=24.x
164 silly packumentCache full:https://registry.npmjs.org/puppeteer-core cache-miss
165 http fetch GET 200 https://registry.npmjs.org/puppeteer-core 236ms (cache miss)
166 silly packumentCache full:https://registry.npmjs.org/puppeteer-core set size:undefined disposed:false
167 silly fetch manifest @vitest/coverage-istanbul@4.1.10
168 silly packumentCache full:https://registry.npmjs.org/@vitest%2fcoverage-istanbul cache-miss
169 http fetch GET 200 https://registry.npmjs.org/@vitest%2fcoverage-istanbul 226ms (cache miss)
170 silly packumentCache full:https://registry.npmjs.org/@vitest%2fcoverage-istanbul set size:undefined disposed:false
171 silly fetch manifest @vitest/coverage-v8@4.1.10
172 silly packumentCache full:https://registry.npmjs.org/@vitest%2fcoverage-v8 cache-miss
173 http fetch GET 200 https://registry.npmjs.org/@vitest%2fcoverage-v8 227ms (cache miss)
174 silly packumentCache full:https://registry.npmjs.org/@vitest%2fcoverage-v8 set size:undefined disposed:false
175 silly fetch manifest @vitest/browser@4.1.10
176 silly packumentCache full:https://registry.npmjs.org/@vitest%2fbrowser cache-miss
177 http fetch GET 200 https://registry.npmjs.org/@vitest%2fbrowser 237ms (cache miss)
178 silly packumentCache full:https://registry.npmjs.org/@vitest%2fbrowser set size:undefined disposed:false
179 silly fetch manifest @vitest/ui@4.1.10
180 silly packumentCache full:https://registry.npmjs.org/@vitest%2fui cache-miss
181 http fetch GET 200 https://registry.npmjs.org/@vitest%2fui 248ms (cache miss)
182 silly packumentCache full:https://registry.npmjs.org/@vitest%2fui set size:undefined disposed:false
183 silly fetch manifest happy-dom@*
184 silly packumentCache full:https://registry.npmjs.org/happy-dom cache-miss
185 http fetch GET 200 https://registry.npmjs.org/happy-dom 275ms (cache miss)
186 silly packumentCache full:https://registry.npmjs.org/happy-dom set size:undefined disposed:false
187 silly fetch manifest vue-tsc@latest
188 silly packumentCache full:https://registry.npmjs.org/vue-tsc cache-miss
189 http fetch GET 200 https://registry.npmjs.org/vue-tsc 231ms (cache miss)
190 silly packumentCache full:https://registry.npmjs.org/vue-tsc set size:undefined disposed:false
191 silly placeDep ROOT @types/node@26.1.1 OK for: nuomi-wms-admin-web@0.1.0 want: latest
192 silly placeDep ROOT @vitejs/plugin-vue@6.0.8 OK for: nuomi-wms-admin-web@0.1.0 want: latest
193 silly placeDep ROOT vite@8.1.5 OK for: @vitejs/plugin-vue@6.0.8 want: ^5.0.0 || ^6.0.0 || ^7.0.0 || ^8.0.0
194 silly placeDep ROOT vue@3.5.40 OK for: @vitejs/plugin-vue@6.0.8 want: ^3.2.25
195 silly placeDep ROOT @vue/test-utils@2.4.11 OK for: nuomi-wms-admin-web@0.1.0 want: latest
196 silly placeDep ROOT @vue/compiler-dom@3.5.40 OK for: @vue/test-utils@2.4.11 want: 3.x
197 silly placeDep ROOT axios@1.18.1 OK for: nuomi-wms-admin-web@0.1.0 want: latest
198 silly placeDep ROOT element-plus@2.14.3 OK for: nuomi-wms-admin-web@0.1.0 want: latest
199 silly placeDep ROOT jsdom@29.1.1 OK for: nuomi-wms-admin-web@0.1.0 want: latest
200 silly placeDep ROOT pinia@4.0.2 OK for: nuomi-wms-admin-web@0.1.0 want: latest
201 silly placeDep ROOT @vue/devtools-api@8.1.5 OK for: pinia@4.0.2 want: ^8.1.5
202 silly placeDep ROOT typescript@7.0.2 OK for: nuomi-wms-admin-web@0.1.0 want: latest
203 silly placeDep ROOT vitest@4.1.10 OK for: nuomi-wms-admin-web@0.1.0 want: latest
204 silly placeDep ROOT vue-router@5.2.0 OK for: nuomi-wms-admin-web@0.1.0 want: latest
205 silly placeDep ROOT vue-tsc@3.3.7 OK for: nuomi-wms-admin-web@0.1.0 want: latest
206 silly fetch manifest undici-types@~8.3.0
207 silly packumentCache full:https://registry.npmjs.org/undici-types cache-miss
208 silly fetch manifest @rolldown/pluginutils@^1.0.1
209 silly packumentCache full:https://registry.npmjs.org/@rolldown%2fpluginutils cache-miss
210 silly fetch manifest @vue/shared@3.5.40
211 silly packumentCache full:https://registry.npmjs.org/@vue%2fshared cache-miss
212 silly fetch manifest @vue/runtime-dom@3.5.40
213 silly packumentCache full:https://registry.npmjs.org/@vue%2fruntime-dom cache-miss
214 silly fetch manifest @vue/compiler-dom@3.5.40
215 silly packumentCache full:https://registry.npmjs.org/@vue%2fcompiler-dom cache-miss
216 silly fetch manifest @vue/compiler-sfc@3.5.40
217 silly packumentCache full:https://registry.npmjs.org/@vue%2fcompiler-sfc cache-miss
218 silly fetch manifest @vue/server-renderer@3.5.40
219 silly packumentCache full:https://registry.npmjs.org/@vue%2fserver-renderer cache-miss
220 silly fetch manifest lightningcss@^1.32.0
221 silly packumentCache full:https://registry.npmjs.org/lightningcss cache-miss
222 silly fetch manifest picomatch@^4.0.5
223 silly packumentCache full:https://registry.npmjs.org/picomatch cache-miss
224 silly fetch manifest postcss@^8.5.17
225 silly packumentCache full:https://registry.npmjs.org/postcss cache-miss
226 silly fetch manifest rolldown@~1.1.5
227 silly packumentCache full:https://registry.npmjs.org/rolldown cache-miss
228 silly fetch manifest tinyglobby@^0.2.17
229 silly packumentCache full:https://registry.npmjs.org/tinyglobby cache-miss
230 silly fetch manifest fsevents@~2.3.3
231 silly packumentCache full:https://registry.npmjs.org/fsevents cache-miss
232 silly fetch manifest js-beautify@^1.14.9
233 silly packumentCache full:https://registry.npmjs.org/js-beautify cache-miss
234 silly fetch manifest vue-component-type-helpers@^3.0.0
235 silly packumentCache full:https://registry.npmjs.org/vue-component-type-helpers cache-miss
236 http cache https://registry.npmjs.org/@vue%2fserver-renderer 27ms (cache hit)
237 silly packumentCache full:https://registry.npmjs.org/@vue%2fserver-renderer set size:826077 disposed:false
238 silly fetch manifest @vue/shared@3.5.40
239 silly packumentCache full:https://registry.npmjs.org/@vue%2fshared cache-miss
240 http cache https://registry.npmjs.org/@vue%2fcompiler-dom 35ms (cache hit)
241 silly packumentCache full:https://registry.npmjs.org/@vue%2fcompiler-dom set size:855096 disposed:false
242 silly fetch manifest @vue/compiler-core@3.5.40
243 silly packumentCache full:https://registry.npmjs.org/@vue%2fcompiler-core cache-miss
244 http cache https://registry.npmjs.org/@vue%2fcompiler-sfc 41ms (cache hit)
245 silly packumentCache full:https://registry.npmjs.org/@vue%2fcompiler-sfc set size:1005863 disposed:false
246 silly fetch manifest form-data@^4.0.5
247 silly packumentCache full:https://registry.npmjs.org/form-data cache-miss
248 http cache https://registry.npmjs.org/postcss 53ms (cache hit)
249 silly packumentCache full:https://registry.npmjs.org/postcss set size:736604 disposed:false
250 silly fetch manifest proxy-from-env@^2.1.0
251 silly packumentCache full:https://registry.npmjs.org/proxy-from-env cache-miss
252 http fetch GET 200 https://registry.npmjs.org/undici-types 210ms (cache miss)
253 silly packumentCache full:https://registry.npmjs.org/undici-types set size:undefined disposed:false
254 silly fetch manifest follow-redirects@^1.16.0
255 silly packumentCache full:https://registry.npmjs.org/follow-redirects cache-miss
256 http fetch GET 200 https://registry.npmjs.org/@rolldown%2fpluginutils 224ms (cache miss)
257 silly packumentCache full:https://registry.npmjs.org/@rolldown%2fpluginutils set size:undefined disposed:false
258 silly fetch manifest https-proxy-agent@^5.0.1
259 silly packumentCache full:https://registry.npmjs.org/https-proxy-agent cache-miss
260 http fetch GET 200 https://registry.npmjs.org/follow-redirects 210ms (cache miss)
261 silly packumentCache full:https://registry.npmjs.org/follow-redirects set size:undefined disposed:false
262 silly fetch manifest @ctrl/tinycolor@^4.2.0
263 silly packumentCache full:https://registry.npmjs.org/@ctrl%2ftinycolor cache-miss
264 http fetch GET 200 https://registry.npmjs.org/https-proxy-agent 207ms (cache miss)
265 silly packumentCache full:https://registry.npmjs.org/https-proxy-agent set size:undefined disposed:false
266 silly fetch manifest @element-plus/icons-vue@^2.3.2
267 silly packumentCache full:https://registry.npmjs.org/@element-plus%2ficons-vue cache-miss
268 http fetch GET 200 https://registry.npmjs.org/@ctrl%2ftinycolor 218ms (cache miss)
269 silly packumentCache full:https://registry.npmjs.org/@ctrl%2ftinycolor set size:undefined disposed:false
270 silly fetch manifest @floating-ui/dom@^1.7.6
271 silly packumentCache full:https://registry.npmjs.org/@floating-ui%2fdom cache-miss
272 http fetch GET 200 https://registry.npmjs.org/@element-plus%2ficons-vue 222ms (cache miss)
273 silly packumentCache full:https://registry.npmjs.org/@element-plus%2ficons-vue set size:undefined disposed:false
274 silly fetch manifest @popperjs/core@npm:@sxzz/popperjs-es@^2.11.8
275 silly packumentCache full:https://registry.npmjs.org/@sxzz%2fpopperjs-es cache-miss
276 http fetch GET 200 https://registry.npmjs.org/tinyglobby 778ms (cache miss)
277 silly packumentCache full:https://registry.npmjs.org/tinyglobby set size:undefined disposed:false
278 silly fetch manifest @types/lodash@^4.17.24
279 silly packumentCache full:https://registry.npmjs.org/@types%2flodash cache-miss
280 http fetch GET 200 https://registry.npmjs.org/fsevents 812ms (cache miss)
281 silly packumentCache full:https://registry.npmjs.org/fsevents set size:undefined disposed:false
282 silly fetch manifest @types/lodash-es@^4.17.12
283 silly packumentCache full:https://registry.npmjs.org/@types%2flodash-es cache-miss
284 http fetch GET 200 https://registry.npmjs.org/picomatch 835ms (cache miss)
285 silly packumentCache full:https://registry.npmjs.org/picomatch set size:undefined disposed:false
286 silly fetch manifest @vueuse/core@14.3.0
287 silly packumentCache full:https://registry.npmjs.org/@vueuse%2fcore cache-miss
288 http fetch GET 200 https://registry.npmjs.org/@floating-ui%2fdom 228ms (cache miss)
289 silly packumentCache full:https://registry.npmjs.org/@floating-ui%2fdom set size:undefined disposed:false
290 silly fetch manifest async-validator@^4.2.5
291 silly packumentCache full:https://registry.npmjs.org/async-validator cache-miss
292 http fetch GET 200 https://registry.npmjs.org/lightningcss 879ms (cache miss)
293 silly packumentCache full:https://registry.npmjs.org/lightningcss set size:undefined disposed:false
294 silly fetch manifest dayjs@^1.11.20
295 silly packumentCache full:https://registry.npmjs.org/dayjs cache-miss
296 http fetch GET 200 https://registry.npmjs.org/@sxzz%2fpopperjs-es 225ms (cache miss)
297 silly packumentCache full:https://registry.npmjs.org/@sxzz%2fpopperjs-es set size:undefined disposed:false
298 silly fetch manifest lodash@^4.18.1
299 silly packumentCache full:https://registry.npmjs.org/lodash cache-miss
300 http fetch GET 200 https://registry.npmjs.org/form-data 837ms (cache miss)
301 silly packumentCache full:https://registry.npmjs.org/form-data set size:undefined disposed:false
302 silly fetch manifest lodash-es@^4.18.1
303 silly packumentCache full:https://registry.npmjs.org/lodash-es cache-miss
304 http fetch GET 200 https://registry.npmjs.org/proxy-from-env 868ms (cache miss)
305 silly packumentCache full:https://registry.npmjs.org/proxy-from-env set size:undefined disposed:false
306 silly fetch manifest lodash-unified@^1.0.3
307 silly packumentCache full:https://registry.npmjs.org/lodash-unified cache-miss
308 http fetch GET 200 https://registry.npmjs.org/vue-component-type-helpers 928ms (cache miss)
309 silly packumentCache full:https://registry.npmjs.org/vue-component-type-helpers set size:undefined disposed:false
310 silly fetch manifest memoize-one@^6.0.0
311 silly packumentCache full:https://registry.npmjs.org/memoize-one cache-miss
312 http fetch GET 200 https://registry.npmjs.org/js-beautify 1003ms (cache miss)
313 silly packumentCache full:https://registry.npmjs.org/js-beautify set size:undefined disposed:false
314 silly fetch manifest normalize-wheel-es@^1.2.0
315 silly packumentCache full:https://registry.npmjs.org/normalize-wheel-es cache-miss
316 http fetch GET 200 https://registry.npmjs.org/@types%2flodash-es 219ms (cache miss)
317 silly packumentCache full:https://registry.npmjs.org/@types%2flodash-es set size:undefined disposed:false
318 silly fetch manifest vue-component-type-helpers@^3.3.5
319 silly packumentCache full:https://registry.npmjs.org/vue-component-type-helpers cache-miss
320 http cache https://registry.npmjs.org/vue-component-type-helpers 3ms (cache hit)
321 silly packumentCache full:https://registry.npmjs.org/vue-component-type-helpers set size:283716 disposed:false
322 silly fetch manifest @asamuzakjp/css-color@^5.1.11
323 silly packumentCache full:https://registry.npmjs.org/@asamuzakjp%2fcss-color cache-miss
324 http fetch GET 200 https://registry.npmjs.org/@vue%2fshared 1068ms (cache miss)
325 silly packumentCache full:https://registry.npmjs.org/@vue%2fshared set size:undefined disposed:false
326 silly fetch manifest @asamuzakjp/dom-selector@^7.1.1
327 silly packumentCache full:https://registry.npmjs.org/@asamuzakjp%2fdom-selector cache-miss
328 http fetch GET 200 https://registry.npmjs.org/async-validator 211ms (cache miss)
329 silly packumentCache full:https://registry.npmjs.org/async-validator set size:undefined disposed:false
330 silly fetch manifest @bramus/specificity@^2.4.2
331 silly packumentCache full:https://registry.npmjs.org/@bramus%2fspecificity cache-miss
332 http fetch GET 200 https://registry.npmjs.org/dayjs 216ms (cache miss)
333 silly packumentCache full:https://registry.npmjs.org/dayjs set size:undefined disposed:false
334 silly fetch manifest @csstools/css-syntax-patches-for-csstree@^1.1.3
335 silly packumentCache full:https://registry.npmjs.org/@csstools%2fcss-syntax-patches-for-csstree cache-miss
336 http fetch GET 200 https://registry.npmjs.org/lodash-es 252ms (cache miss)
337 silly packumentCache full:https://registry.npmjs.org/lodash-es set size:undefined disposed:false
338 silly fetch manifest @exodus/bytes@^1.15.0
339 silly packumentCache full:https://registry.npmjs.org/@exodus%2fbytes cache-miss
340 http fetch GET 200 https://registry.npmjs.org/lodash-unified 216ms (cache miss)
341 silly packumentCache full:https://registry.npmjs.org/lodash-unified set size:undefined disposed:false
342 silly fetch manifest css-tree@^3.2.1
343 silly packumentCache full:https://registry.npmjs.org/css-tree cache-miss
344 http fetch GET 200 https://registry.npmjs.org/lodash 281ms (cache miss)
345 silly packumentCache full:https://registry.npmjs.org/lodash set size:undefined disposed:false
346 silly fetch manifest data-urls@^7.0.0
347 silly packumentCache full:https://registry.npmjs.org/data-urls cache-miss
348 http fetch GET 200 https://registry.npmjs.org/@vue%2fcompiler-core 1129ms (cache miss)
349 silly packumentCache full:https://registry.npmjs.org/@vue%2fcompiler-core set size:undefined disposed:false
350 silly fetch manifest decimal.js@^10.6.0
351 silly packumentCache full:https://registry.npmjs.org/decimal.js cache-miss
352 http fetch GET 200 https://registry.npmjs.org/memoize-one 261ms (cache miss)
353 silly packumentCache full:https://registry.npmjs.org/memoize-one set size:undefined disposed:false
354 silly fetch manifest html-encoding-sniffer@^6.0.0
355 silly packumentCache full:https://registry.npmjs.org/html-encoding-sniffer cache-miss
356 http fetch GET 200 https://registry.npmjs.org/@types%2flodash 446ms (cache miss)
357 silly packumentCache full:https://registry.npmjs.org/@types%2flodash set size:undefined disposed:false
358 silly fetch manifest is-potential-custom-element-name@^1.0.1
359 silly packumentCache full:https://registry.npmjs.org/is-potential-custom-element-name cache-miss
360 http fetch GET 200 https://registry.npmjs.org/normalize-wheel-es 224ms (cache miss)
361 silly packumentCache full:https://registry.npmjs.org/normalize-wheel-es set size:undefined disposed:false
362 silly fetch manifest lru-cache@^11.3.5
363 silly packumentCache full:https://registry.npmjs.org/lru-cache cache-miss
364 http fetch GET 200 https://registry.npmjs.org/@vue%2fruntime-dom 1240ms (cache miss)
365 silly packumentCache full:https://registry.npmjs.org/@vue%2fruntime-dom set size:undefined disposed:false
366 silly fetch manifest parse5@^8.0.1
367 silly packumentCache full:https://registry.npmjs.org/parse5 cache-miss
368 http fetch GET 200 https://registry.npmjs.org/@vue%2fshared 1232ms (cache miss)
369 silly packumentCache full:https://registry.npmjs.org/@vue%2fshared set size:undefined disposed:false
370 silly fetch manifest saxes@^6.0.0
371 silly packumentCache full:https://registry.npmjs.org/saxes cache-miss
372 http fetch GET 200 https://registry.npmjs.org/@asamuzakjp%2fcss-color 235ms (cache miss)
373 silly packumentCache full:https://registry.npmjs.org/@asamuzakjp%2fcss-color set size:undefined disposed:false
374 silly fetch manifest symbol-tree@^3.2.4
375 silly packumentCache full:https://registry.npmjs.org/symbol-tree cache-miss
376 http fetch GET 200 https://registry.npmjs.org/rolldown 1299ms (cache miss)
377 silly packumentCache full:https://registry.npmjs.org/rolldown set size:undefined disposed:false
378 silly fetch manifest tough-cookie@^6.0.1
379 silly packumentCache full:https://registry.npmjs.org/tough-cookie cache-miss
380 http fetch GET 200 https://registry.npmjs.org/@bramus%2fspecificity 239ms (cache miss)
381 silly packumentCache full:https://registry.npmjs.org/@bramus%2fspecificity set size:undefined disposed:false
382 silly fetch manifest undici@^7.25.0
383 silly packumentCache full:https://registry.npmjs.org/undici cache-miss
384 http fetch GET 200 https://registry.npmjs.org/@csstools%2fcss-syntax-patches-for-csstree 227ms (cache miss)
385 silly packumentCache full:https://registry.npmjs.org/@csstools%2fcss-syntax-patches-for-csstree set size:undefined disposed:false
386 silly fetch manifest w3c-xmlserializer@^5.0.0
387 silly packumentCache full:https://registry.npmjs.org/w3c-xmlserializer cache-miss
388 http fetch GET 200 https://registry.npmjs.org/@asamuzakjp%2fdom-selector 283ms (cache miss)
389 silly packumentCache full:https://registry.npmjs.org/@asamuzakjp%2fdom-selector set size:undefined disposed:false
390 silly fetch manifest webidl-conversions@^8.0.1
391 silly packumentCache full:https://registry.npmjs.org/webidl-conversions cache-miss
392 http fetch GET 200 https://registry.npmjs.org/data-urls 223ms (cache miss)
393 silly packumentCache full:https://registry.npmjs.org/data-urls set size:undefined disposed:false
394 silly fetch manifest whatwg-mimetype@^5.0.0
395 silly packumentCache full:https://registry.npmjs.org/whatwg-mimetype cache-miss
396 http fetch GET 200 https://registry.npmjs.org/@exodus%2fbytes 256ms (cache miss)
397 silly packumentCache full:https://registry.npmjs.org/@exodus%2fbytes set size:undefined disposed:false
398 silly fetch manifest whatwg-url@^16.0.1
399 silly packumentCache full:https://registry.npmjs.org/whatwg-url cache-miss
400 http fetch GET 200 https://registry.npmjs.org/decimal.js 228ms (cache miss)
401 silly packumentCache full:https://registry.npmjs.org/decimal.js set size:undefined disposed:false
402 silly fetch manifest xml-name-validator@^5.0.0
403 silly packumentCache full:https://registry.npmjs.org/xml-name-validator cache-miss
404 http fetch GET 200 https://registry.npmjs.org/css-tree 257ms (cache miss)
405 silly packumentCache full:https://registry.npmjs.org/css-tree set size:undefined disposed:false
406 silly fetch manifest nostics@^1.1.4
407 silly packumentCache full:https://registry.npmjs.org/nostics cache-miss
408 http fetch GET 200 https://registry.npmjs.org/html-encoding-sniffer 226ms (cache miss)
409 silly packumentCache full:https://registry.npmjs.org/html-encoding-sniffer set size:undefined disposed:false
410 silly fetch manifest @vue/devtools-kit@^8.1.5
411 silly packumentCache full:https://registry.npmjs.org/@vue%2fdevtools-kit cache-miss
412 http fetch GET 200 https://registry.npmjs.org/is-potential-custom-element-name 201ms (cache miss)
413 silly packumentCache full:https://registry.npmjs.org/is-potential-custom-element-name set size:undefined disposed:false
414 silly fetch manifest @typescript/typescript-aix-ppc64@7.0.2
415 silly packumentCache full:https://registry.npmjs.org/@typescript%2ftypescript-aix-ppc64 cache-miss
416 http fetch GET 200 https://registry.npmjs.org/parse5 225ms (cache miss)
417 silly packumentCache full:https://registry.npmjs.org/parse5 set size:undefined disposed:false
418 silly fetch manifest @typescript/typescript-linux-arm@7.0.2
419 silly packumentCache full:https://registry.npmjs.org/@typescript%2ftypescript-linux-arm cache-miss
420 http fetch GET 200 https://registry.npmjs.org/symbol-tree 207ms (cache miss)
421 silly packumentCache full:https://registry.npmjs.org/symbol-tree set size:undefined disposed:false
422 silly fetch manifest @typescript/typescript-linux-x64@7.0.2
423 silly packumentCache full:https://registry.npmjs.org/@typescript%2ftypescript-linux-x64 cache-miss
424 http fetch GET 200 https://registry.npmjs.org/saxes 228ms (cache miss)
425 silly packumentCache full:https://registry.npmjs.org/saxes set size:undefined disposed:false
426 silly fetch manifest @typescript/typescript-sunos-x64@7.0.2
427 silly packumentCache full:https://registry.npmjs.org/@typescript%2ftypescript-sunos-x64 cache-miss
428 http fetch GET 200 https://registry.npmjs.org/w3c-xmlserializer 204ms (cache miss)
429 silly packumentCache full:https://registry.npmjs.org/w3c-xmlserializer set size:undefined disposed:false
430 silly fetch manifest @typescript/typescript-win32-x64@7.0.2
431 silly packumentCache full:https://registry.npmjs.org/@typescript%2ftypescript-win32-x64 cache-miss
432 http fetch GET 200 https://registry.npmjs.org/tough-cookie 224ms (cache miss)
433 silly packumentCache full:https://registry.npmjs.org/tough-cookie set size:undefined disposed:false
434 silly fetch manifest @typescript/typescript-darwin-x64@7.0.2
435 silly packumentCache full:https://registry.npmjs.org/@typescript%2ftypescript-darwin-x64 cache-miss
436 http fetch GET 200 https://registry.npmjs.org/lru-cache 307ms (cache miss)
437 silly packumentCache full:https://registry.npmjs.org/lru-cache set size:undefined disposed:false
438 silly fetch manifest @typescript/typescript-netbsd-x64@7.0.2
439 silly packumentCache full:https://registry.npmjs.org/@typescript%2ftypescript-netbsd-x64 cache-miss
440 http fetch GET 200 https://registry.npmjs.org/@vueuse%2fcore 716ms (cache miss)
441 silly packumentCache full:https://registry.npmjs.org/@vueuse%2fcore set size:undefined disposed:false
442 silly fetch manifest @typescript/typescript-freebsd-x64@7.0.2
443 silly packumentCache full:https://registry.npmjs.org/@typescript%2ftypescript-freebsd-x64 cache-miss
444 http fetch GET 200 https://registry.npmjs.org/webidl-conversions 220ms (cache miss)
445 silly packumentCache full:https://registry.npmjs.org/webidl-conversions set size:undefined disposed:false
446 silly fetch manifest @typescript/typescript-linux-arm64@7.0.2
447 silly packumentCache full:https://registry.npmjs.org/@typescript%2ftypescript-linux-arm64 cache-miss
448 http fetch GET 200 https://registry.npmjs.org/undici 258ms (cache miss)
449 silly packumentCache full:https://registry.npmjs.org/undici set size:undefined disposed:false
450 silly fetch manifest @typescript/typescript-linux-ppc64@7.0.2
451 silly packumentCache full:https://registry.npmjs.org/@typescript%2ftypescript-linux-ppc64 cache-miss
452 http fetch GET 200 https://registry.npmjs.org/xml-name-validator 234ms (cache miss)
453 silly packumentCache full:https://registry.npmjs.org/xml-name-validator set size:undefined disposed:false
454 silly fetch manifest @typescript/typescript-linux-s390x@7.0.2
455 silly packumentCache full:https://registry.npmjs.org/@typescript%2ftypescript-linux-s390x cache-miss
456 http fetch GET 200 https://registry.npmjs.org/whatwg-mimetype 246ms (cache miss)
457 silly packumentCache full:https://registry.npmjs.org/whatwg-mimetype set size:undefined disposed:false
458 silly fetch manifest @typescript/typescript-openbsd-x64@7.0.2
459 silly packumentCache full:https://registry.npmjs.org/@typescript%2ftypescript-openbsd-x64 cache-miss
460 http fetch GET 200 https://registry.npmjs.org/@typescript%2ftypescript-aix-ppc64 206ms (cache miss)
461 silly packumentCache full:https://registry.npmjs.org/@typescript%2ftypescript-aix-ppc64 set size:undefined disposed:false
462 silly fetch manifest @typescript/typescript-win32-arm64@7.0.2
463 silly packumentCache full:https://registry.npmjs.org/@typescript%2ftypescript-win32-arm64 cache-miss
464 http fetch GET 200 https://registry.npmjs.org/nostics 234ms (cache miss)
465 silly packumentCache full:https://registry.npmjs.org/nostics set size:undefined disposed:false
466 silly fetch manifest @typescript/typescript-darwin-arm64@7.0.2
467 silly packumentCache full:https://registry.npmjs.org/@typescript%2ftypescript-darwin-arm64 cache-miss
468 http fetch GET 200 https://registry.npmjs.org/whatwg-url 254ms (cache miss)
469 silly packumentCache full:https://registry.npmjs.org/whatwg-url set size:undefined disposed:false
470 silly fetch manifest @typescript/typescript-netbsd-arm64@7.0.2
471 silly packumentCache full:https://registry.npmjs.org/@typescript%2ftypescript-netbsd-arm64 cache-miss
472 http fetch GET 200 https://registry.npmjs.org/@vue%2fdevtools-kit 266ms (cache miss)
473 silly packumentCache full:https://registry.npmjs.org/@vue%2fdevtools-kit set size:undefined disposed:false
474 silly fetch manifest @typescript/typescript-freebsd-arm64@7.0.2
475 silly packumentCache full:https://registry.npmjs.org/@typescript%2ftypescript-freebsd-arm64 cache-miss
476 http fetch GET 200 https://registry.npmjs.org/@typescript%2ftypescript-sunos-x64 223ms (cache miss)
477 silly packumentCache full:https://registry.npmjs.org/@typescript%2ftypescript-sunos-x64 set size:undefined disposed:false
478 silly fetch manifest @typescript/typescript-linux-loong64@7.0.2
479 silly packumentCache full:https://registry.npmjs.org/@typescript%2ftypescript-linux-loong64 cache-miss
480 http fetch GET 200 https://registry.npmjs.org/@typescript%2ftypescript-linux-arm 258ms (cache miss)
481 silly packumentCache full:https://registry.npmjs.org/@typescript%2ftypescript-linux-arm set size:undefined disposed:false
482 silly fetch manifest @typescript/typescript-linux-riscv64@7.0.2
483 silly packumentCache full:https://registry.npmjs.org/@typescript%2ftypescript-linux-riscv64 cache-miss
484 http fetch GET 200 https://registry.npmjs.org/@typescript%2ftypescript-linux-x64 270ms (cache miss)
485 silly packumentCache full:https://registry.npmjs.org/@typescript%2ftypescript-linux-x64 set size:undefined disposed:false
486 silly fetch manifest @typescript/typescript-openbsd-arm64@7.0.2
487 silly packumentCache full:https://registry.npmjs.org/@typescript%2ftypescript-openbsd-arm64 cache-miss
488 http fetch GET 200 https://registry.npmjs.org/@typescript%2ftypescript-darwin-x64 218ms (cache miss)
489 silly packumentCache full:https://registry.npmjs.org/@typescript%2ftypescript-darwin-x64 set size:undefined disposed:false
490 silly fetch manifest @typescript/typescript-linux-mips64el@7.0.2
491 silly packumentCache full:https://registry.npmjs.org/@typescript%2ftypescript-linux-mips64el cache-miss
492 http fetch GET 200 https://registry.npmjs.org/@typescript%2ftypescript-netbsd-x64 217ms (cache miss)
493 silly packumentCache full:https://registry.npmjs.org/@typescript%2ftypescript-netbsd-x64 set size:undefined disposed:false
494 silly fetch manifest obug@^2.1.1
495 silly packumentCache full:https://registry.npmjs.org/obug cache-miss
496 http fetch GET 200 https://registry.npmjs.org/@typescript%2ftypescript-win32-x64 227ms (cache miss)
497 silly packumentCache full:https://registry.npmjs.org/@typescript%2ftypescript-win32-x64 set size:undefined disposed:false
498 silly fetch manifest pathe@^2.0.3
499 silly packumentCache full:https://registry.npmjs.org/pathe cache-miss
500 http fetch GET 200 https://registry.npmjs.org/@typescript%2ftypescript-freebsd-x64 221ms (cache miss)
501 silly packumentCache full:https://registry.npmjs.org/@typescript%2ftypescript-freebsd-x64 set size:undefined disposed:false
502 silly fetch manifest std-env@^4.0.0-rc.1
503 silly packumentCache full:https://registry.npmjs.org/std-env cache-miss
504 http fetch GET 200 https://registry.npmjs.org/@typescript%2ftypescript-linux-arm64 215ms (cache miss)
505 silly packumentCache full:https://registry.npmjs.org/@typescript%2ftypescript-linux-arm64 set size:undefined disposed:false
506 silly fetch manifest tinyexec@^1.0.2
507 silly packumentCache full:https://registry.npmjs.org/tinyexec cache-miss
508 http fetch GET 200 https://registry.npmjs.org/@typescript%2ftypescript-linux-ppc64 208ms (cache miss)
509 silly packumentCache full:https://registry.npmjs.org/@typescript%2ftypescript-linux-ppc64 set size:undefined disposed:false
510 silly fetch manifest picomatch@^4.0.3
511 silly packumentCache full:https://registry.npmjs.org/picomatch cache-miss
512 http cache https://registry.npmjs.org/picomatch 2ms (cache hit)
513 silly packumentCache full:https://registry.npmjs.org/picomatch set size:128942 disposed:false
514 silly fetch manifest tinybench@^2.9.0
515 silly packumentCache full:https://registry.npmjs.org/tinybench cache-miss
516 http fetch GET 200 https://registry.npmjs.org/@typescript%2ftypescript-darwin-arm64 210ms (cache miss)
517 silly packumentCache full:https://registry.npmjs.org/@typescript%2ftypescript-darwin-arm64 set size:undefined disposed:false
518 silly fetch manifest tinyglobby@^0.2.15
519 silly packumentCache full:https://registry.npmjs.org/tinyglobby cache-miss
520 http cache https://registry.npmjs.org/tinyglobby 3ms (cache hit)
521 silly packumentCache full:https://registry.npmjs.org/tinyglobby set size:54291 disposed:false
522 silly fetch manifest @vitest/spy@4.1.10
523 silly packumentCache full:https://registry.npmjs.org/@vitest%2fspy cache-miss
524 http fetch GET 200 https://registry.npmjs.org/@typescript%2ftypescript-linux-s390x 224ms (cache miss)
525 silly packumentCache full:https://registry.npmjs.org/@typescript%2ftypescript-linux-s390x set size:undefined disposed:false
526 silly fetch manifest expect-type@^1.3.0
527 silly packumentCache full:https://registry.npmjs.org/expect-type cache-miss
528 http fetch GET 200 https://registry.npmjs.org/@typescript%2ftypescript-win32-arm64 225ms (cache miss)
529 silly packumentCache full:https://registry.npmjs.org/@typescript%2ftypescript-win32-arm64 set size:undefined disposed:false
530 silly fetch manifest tinyrainbow@^3.1.0
531 silly packumentCache full:https://registry.npmjs.org/tinyrainbow cache-miss
532 http fetch GET 200 https://registry.npmjs.org/@typescript%2ftypescript-openbsd-x64 229ms (cache miss)
533 silly packumentCache full:https://registry.npmjs.org/@typescript%2ftypescript-openbsd-x64 set size:undefined disposed:false
534 silly fetch manifest magic-string@^0.30.21
535 silly packumentCache full:https://registry.npmjs.org/magic-string cache-miss
536 http fetch GET 200 https://registry.npmjs.org/@typescript%2ftypescript-netbsd-arm64 238ms (cache miss)
537 silly packumentCache full:https://registry.npmjs.org/@typescript%2ftypescript-netbsd-arm64 set size:undefined disposed:false
538 silly fetch manifest @vitest/utils@4.1.10
539 silly packumentCache full:https://registry.npmjs.org/@vitest%2futils cache-miss
540 http fetch GET 200 https://registry.npmjs.org/@typescript%2ftypescript-freebsd-arm64 244ms (cache miss)
541 silly packumentCache full:https://registry.npmjs.org/@typescript%2ftypescript-freebsd-arm64 set size:undefined disposed:false
542 silly fetch manifest @vitest/expect@4.1.10
543 silly packumentCache full:https://registry.npmjs.org/@vitest%2fexpect cache-miss
544 http fetch GET 200 https://registry.npmjs.org/@typescript%2ftypescript-linux-loong64 218ms (cache miss)
545 silly packumentCache full:https://registry.npmjs.org/@typescript%2ftypescript-linux-loong64 set size:undefined disposed:false
546 silly fetch manifest @vitest/mocker@4.1.10
547 silly packumentCache full:https://registry.npmjs.org/@vitest%2fmocker cache-miss
548 http fetch GET 200 https://registry.npmjs.org/@typescript%2ftypescript-linux-riscv64 222ms (cache miss)
549 silly packumentCache full:https://registry.npmjs.org/@typescript%2ftypescript-linux-riscv64 set size:undefined disposed:false
550 silly fetch manifest @vitest/runner@4.1.10
551 silly packumentCache full:https://registry.npmjs.org/@vitest%2frunner cache-miss
552 http fetch GET 200 https://registry.npmjs.org/obug 208ms (cache miss)
553 silly packumentCache full:https://registry.npmjs.org/obug set size:undefined disposed:false
554 silly fetch manifest es-module-lexer@^2.0.0
555 silly packumentCache full:https://registry.npmjs.org/es-module-lexer cache-miss
556 http fetch GET 200 https://registry.npmjs.org/pathe 208ms (cache miss)
557 silly packumentCache full:https://registry.npmjs.org/pathe set size:undefined disposed:false
558 silly fetch manifest @vitest/snapshot@4.1.10
559 silly packumentCache full:https://registry.npmjs.org/@vitest%2fsnapshot cache-miss
560 http fetch GET 200 https://registry.npmjs.org/@typescript%2ftypescript-openbsd-arm64 217ms (cache miss)
561 silly packumentCache full:https://registry.npmjs.org/@typescript%2ftypescript-openbsd-arm64 set size:undefined disposed:false
562 silly fetch manifest why-is-node-running@^2.3.0
563 silly packumentCache full:https://registry.npmjs.org/why-is-node-running cache-miss
564 http fetch GET 200 https://registry.npmjs.org/@typescript%2ftypescript-linux-mips64el 219ms (cache miss)
565 silly packumentCache full:https://registry.npmjs.org/@typescript%2ftypescript-linux-mips64el set size:undefined disposed:false
566 silly fetch manifest @vitest/pretty-format@4.1.10
567 silly packumentCache full:https://registry.npmjs.org/@vitest%2fpretty-format cache-miss
568 http fetch GET 200 https://registry.npmjs.org/std-env 216ms (cache miss)
569 silly packumentCache full:https://registry.npmjs.org/std-env set size:undefined disposed:false
570 silly fetch manifest @babel/generator@^8.0.0
571 silly packumentCache full:https://registry.npmjs.org/@babel%2fgenerator cache-miss
572 http fetch GET 200 https://registry.npmjs.org/tinyexec 209ms (cache miss)
573 silly packumentCache full:https://registry.npmjs.org/tinyexec set size:undefined disposed:false
574 silly fetch manifest @vue-macros/common@^3.1.3
575 silly packumentCache full:https://registry.npmjs.org/@vue-macros%2fcommon cache-miss
576 http fetch GET 200 https://registry.npmjs.org/tinybench 227ms (cache miss)
577 silly packumentCache full:https://registry.npmjs.org/tinybench set size:undefined disposed:false
578 silly fetch manifest ast-walker-scope@^0.9.0
579 silly packumentCache full:https://registry.npmjs.org/ast-walker-scope cache-miss
580 http fetch GET 200 https://registry.npmjs.org/tinyrainbow 218ms (cache miss)
581 silly packumentCache full:https://registry.npmjs.org/tinyrainbow set size:undefined disposed:false
582 silly fetch manifest chokidar@^5.0.0
583 silly packumentCache full:https://registry.npmjs.org/chokidar cache-miss
584 http fetch GET 200 https://registry.npmjs.org/expect-type 254ms (cache miss)
585 silly packumentCache full:https://registry.npmjs.org/expect-type set size:undefined disposed:false
586 silly fetch manifest json5@^2.2.3
587 silly packumentCache full:https://registry.npmjs.org/json5 cache-miss
588 http fetch GET 200 https://registry.npmjs.org/@vitest%2fspy 278ms (cache miss)
589 silly packumentCache full:https://registry.npmjs.org/@vitest%2fspy set size:undefined disposed:false
590 silly fetch manifest local-pkg@^1.2.1
591 silly packumentCache full:https://registry.npmjs.org/local-pkg cache-miss
592 http fetch GET 200 https://registry.npmjs.org/magic-string 271ms (cache miss)
593 silly packumentCache full:https://registry.npmjs.org/magic-string set size:undefined disposed:false
594 silly fetch manifest mlly@^1.8.2
595 silly packumentCache full:https://registry.npmjs.org/mlly cache-miss
596 http fetch GET 200 https://registry.npmjs.org/@vitest%2fmocker 245ms (cache miss)
597 silly packumentCache full:https://registry.npmjs.org/@vitest%2fmocker set size:undefined disposed:false
598 silly fetch manifest muggle-string@^0.4.1
599 silly packumentCache full:https://registry.npmjs.org/muggle-string cache-miss
600 http fetch GET 200 https://registry.npmjs.org/why-is-node-running 218ms (cache miss)
601 silly packumentCache full:https://registry.npmjs.org/why-is-node-running set size:undefined disposed:false
602 silly fetch manifest scule@^1.3.0
603 silly packumentCache full:https://registry.npmjs.org/scule cache-miss
604 http fetch GET 200 https://registry.npmjs.org/@vitest%2fpretty-format 233ms (cache miss)
605 silly packumentCache full:https://registry.npmjs.org/@vitest%2fpretty-format set size:undefined disposed:false
606 silly fetch manifest unplugin@^3.3.0
607 silly packumentCache full:https://registry.npmjs.org/unplugin cache-miss
608 http fetch GET 200 https://registry.npmjs.org/@vitest%2frunner 282ms (cache miss)
609 silly packumentCache full:https://registry.npmjs.org/@vitest%2frunner set size:undefined disposed:false
610 silly fetch manifest unplugin-utils@^0.3.2
611 silly packumentCache full:https://registry.npmjs.org/unplugin-utils cache-miss
612 http fetch GET 200 https://registry.npmjs.org/@vue-macros%2fcommon 233ms (cache miss)
613 silly packumentCache full:https://registry.npmjs.org/@vue-macros%2fcommon set size:undefined disposed:false
614 silly fetch manifest yaml@^2.9.0
615 silly packumentCache full:https://registry.npmjs.org/yaml cache-miss
616 http fetch GET 200 https://registry.npmjs.org/@vitest%2fsnapshot 270ms (cache miss)
617 silly packumentCache full:https://registry.npmjs.org/@vitest%2fsnapshot set size:undefined disposed:false
618 silly fetch manifest @volar/typescript@2.4.28
619 silly packumentCache full:https://registry.npmjs.org/@volar%2ftypescript cache-miss
620 http cache https://registry.npmjs.org/yaml 7ms (cache hit)
621 silly packumentCache full:https://registry.npmjs.org/yaml set size:385754 disposed:false
622 silly fetch manifest @vue/language-core@3.3.7
623 silly packumentCache full:https://registry.npmjs.org/@vue%2flanguage-core cache-miss
624 http fetch GET 200 https://registry.npmjs.org/ast-walker-scope 218ms (cache miss)
625 silly packumentCache full:https://registry.npmjs.org/ast-walker-scope set size:undefined disposed:false
626 http fetch GET 200 https://registry.npmjs.org/es-module-lexer 306ms (cache miss)
627 silly packumentCache full:https://registry.npmjs.org/es-module-lexer set size:undefined disposed:false
628 http fetch GET 200 https://registry.npmjs.org/@babel%2fgenerator 296ms (cache miss)
629 silly packumentCache full:https://registry.npmjs.org/@babel%2fgenerator set size:undefined disposed:false
630 http fetch GET 200 https://registry.npmjs.org/@vitest%2futils 429ms (cache miss)
631 silly packumentCache full:https://registry.npmjs.org/@vitest%2futils set size:undefined disposed:false
632 http fetch GET 200 https://registry.npmjs.org/json5 219ms (cache miss)
633 silly packumentCache full:https://registry.npmjs.org/json5 set size:undefined disposed:false
634 http fetch GET 200 https://registry.npmjs.org/local-pkg 204ms (cache miss)
635 silly packumentCache full:https://registry.npmjs.org/local-pkg set size:undefined disposed:false
636 http fetch GET 200 https://registry.npmjs.org/chokidar 271ms (cache miss)
637 silly packumentCache full:https://registry.npmjs.org/chokidar set size:undefined disposed:false
638 http fetch GET 200 https://registry.npmjs.org/@vitest%2fexpect 452ms (cache miss)
639 silly packumentCache full:https://registry.npmjs.org/@vitest%2fexpect set size:undefined disposed:false
640 http fetch GET 200 https://registry.npmjs.org/muggle-string 215ms (cache miss)
641 silly packumentCache full:https://registry.npmjs.org/muggle-string set size:undefined disposed:false
642 http fetch GET 200 https://registry.npmjs.org/scule 213ms (cache miss)
643 silly packumentCache full:https://registry.npmjs.org/scule set size:undefined disposed:false
644 http fetch GET 200 https://registry.npmjs.org/mlly 273ms (cache miss)
645 silly packumentCache full:https://registry.npmjs.org/mlly set size:undefined disposed:false
646 http fetch GET 200 https://registry.npmjs.org/unplugin-utils 210ms (cache miss)
647 silly packumentCache full:https://registry.npmjs.org/unplugin-utils set size:undefined disposed:false
648 http fetch GET 200 https://registry.npmjs.org/unplugin 245ms (cache miss)
649 silly packumentCache full:https://registry.npmjs.org/unplugin set size:undefined disposed:false
650 http fetch GET 200 https://registry.npmjs.org/@volar%2ftypescript 235ms (cache miss)
651 silly packumentCache full:https://registry.npmjs.org/@volar%2ftypescript set size:undefined disposed:false
652 http fetch GET 200 https://registry.npmjs.org/@vue%2flanguage-core 251ms (cache miss)
653 silly packumentCache full:https://registry.npmjs.org/@vue%2flanguage-core set size:undefined disposed:false
654 silly placeDep ROOT undici-types@8.3.0 OK for: @types/node@26.1.1 want: ~8.3.0
655 silly placeDep ROOT @rolldown/pluginutils@1.0.1 OK for: @vitejs/plugin-vue@6.0.8 want: ^1.0.1
656 silly placeDep ROOT @vue/compiler-core@3.5.40 OK for: @vue/compiler-dom@3.5.40 want: 3.5.40
657 silly placeDep ROOT @vue/shared@3.5.40 OK for: @vue/compiler-dom@3.5.40 want: 3.5.40
658 silly fetch manifest @babel/parser@^7.29.7
659 silly packumentCache full:https://registry.npmjs.org/@babel%2fparser cache-miss
660 silly fetch manifest entities@^7.0.1
661 silly packumentCache full:https://registry.npmjs.org/entities cache-miss
662 silly fetch manifest estree-walker@^2.0.2
663 silly packumentCache full:https://registry.npmjs.org/estree-walker cache-miss
664 silly fetch manifest source-map-js@^1.2.1
665 silly packumentCache full:https://registry.npmjs.org/source-map-js cache-miss
666 http fetch GET 200 https://registry.npmjs.org/entities 209ms (cache miss)
667 silly packumentCache full:https://registry.npmjs.org/entities set size:undefined disposed:false
668 http fetch GET 200 https://registry.npmjs.org/estree-walker 219ms (cache miss)
669 silly packumentCache full:https://registry.npmjs.org/estree-walker set size:undefined disposed:false
670 http fetch GET 200 https://registry.npmjs.org/source-map-js 226ms (cache miss)
671 silly packumentCache full:https://registry.npmjs.org/source-map-js set size:undefined disposed:false
672 http fetch GET 200 https://registry.npmjs.org/@babel%2fparser 426ms (cache miss)
673 silly packumentCache full:https://registry.npmjs.org/@babel%2fparser set size:undefined disposed:false
674 silly placeDep ROOT @babel/parser@7.29.7 OK for: @vue/compiler-core@3.5.40 want: ^7.29.7
675 silly placeDep ROOT entities@7.0.1 OK for: @vue/compiler-core@3.5.40 want: ^7.0.1
676 silly placeDep ROOT estree-walker@2.0.2 OK for: @vue/compiler-core@3.5.40 want: ^2.0.2
677 silly placeDep ROOT source-map-js@1.2.1 OK for: @vue/compiler-core@3.5.40 want: ^1.2.1
678 silly fetch manifest @babel/types@^7.29.7
679 silly packumentCache full:https://registry.npmjs.org/@babel%2ftypes cache-miss
680 http fetch GET 200 https://registry.npmjs.org/@babel%2ftypes 327ms (cache miss)
681 silly packumentCache full:https://registry.npmjs.org/@babel%2ftypes set size:undefined disposed:false
682 silly placeDep ROOT @babel/types@7.29.7 OK for: @babel/parser@7.29.7 want: ^7.29.7
683 silly fetch manifest @babel/helper-string-parser@^7.29.7
684 silly packumentCache full:https://registry.npmjs.org/@babel%2fhelper-string-parser cache-miss
685 silly fetch manifest @babel/helper-validator-identifier@^7.29.7
686 silly packumentCache full:https://registry.npmjs.org/@babel%2fhelper-validator-identifier cache-miss
687 http fetch GET 200 https://registry.npmjs.org/@babel%2fhelper-string-parser 252ms (cache miss)
688 silly packumentCache full:https://registry.npmjs.org/@babel%2fhelper-string-parser set size:undefined disposed:false
689 http fetch GET 200 https://registry.npmjs.org/@babel%2fhelper-validator-identifier 254ms (cache miss)
690 silly packumentCache full:https://registry.npmjs.org/@babel%2fhelper-validator-identifier set size:undefined disposed:false
691 silly placeDep ROOT @babel/helper-string-parser@7.29.7 OK for: @babel/types@7.29.7 want: ^7.29.7
692 silly placeDep ROOT @babel/helper-validator-identifier@7.29.7 OK for: @babel/types@7.29.7 want: ^7.29.7
693 silly placeDep ROOT @vue/devtools-kit@8.1.5 OK for: @vue/devtools-api@8.1.5 want: ^8.1.5
694 silly fetch manifest birpc@^2.6.1
695 silly packumentCache full:https://registry.npmjs.org/birpc cache-miss
696 silly fetch manifest hookable@^5.5.3
697 silly packumentCache full:https://registry.npmjs.org/hookable cache-miss
698 silly fetch manifest perfect-debounce@^2.0.0
699 silly packumentCache full:https://registry.npmjs.org/perfect-debounce cache-miss
700 silly fetch manifest @vue/devtools-shared@^8.1.5
701 silly packumentCache full:https://registry.npmjs.org/@vue%2fdevtools-shared cache-miss
702 http fetch GET 200 https://registry.npmjs.org/perfect-debounce 209ms (cache miss)
703 silly packumentCache full:https://registry.npmjs.org/perfect-debounce set size:undefined disposed:false
704 http fetch GET 200 https://registry.npmjs.org/hookable 228ms (cache miss)
705 silly packumentCache full:https://registry.npmjs.org/hookable set size:undefined disposed:false
706 http fetch GET 200 https://registry.npmjs.org/birpc 243ms (cache miss)
707 silly packumentCache full:https://registry.npmjs.org/birpc set size:undefined disposed:false
708 http fetch GET 200 https://registry.npmjs.org/@vue%2fdevtools-shared 253ms (cache miss)
709 silly packumentCache full:https://registry.npmjs.org/@vue%2fdevtools-shared set size:undefined disposed:false
710 silly placeDep ROOT @vue/devtools-shared@8.1.5 OK for: @vue/devtools-kit@8.1.5 want: ^8.1.5
711 silly placeDep ROOT birpc@2.9.0 OK for: @vue/devtools-kit@8.1.5 want: ^2.6.1
712 silly placeDep ROOT hookable@5.5.3 OK for: @vue/devtools-kit@8.1.5 want: ^5.5.3
713 silly placeDep ROOT perfect-debounce@2.1.0 OK for: @vue/devtools-kit@8.1.5 want: ^2.0.0
714 silly placeDep ROOT js-beautify@1.15.4 OK for: @vue/test-utils@2.4.11 want: ^1.14.9
715 silly placeDep ROOT vue-component-type-helpers@3.3.7 OK for: @vue/test-utils@2.4.11 want: ^3.0.0
716 silly fetch manifest glob@^10.4.2
717 silly packumentCache full:https://registry.npmjs.org/glob cache-miss
718 silly fetch manifest nopt@^7.2.1
719 silly packumentCache full:https://registry.npmjs.org/nopt cache-miss
720 silly fetch manifest js-cookie@^3.0.5
721 silly packumentCache full:https://registry.npmjs.org/js-cookie cache-miss
722 silly fetch manifest config-chain@^1.1.13
723 silly packumentCache full:https://registry.npmjs.org/config-chain cache-miss
724 silly fetch manifest editorconfig@^1.0.4
725 silly packumentCache full:https://registry.npmjs.org/editorconfig cache-miss
726 http fetch GET 200 https://registry.npmjs.org/config-chain 211ms (cache miss)
727 silly packumentCache full:https://registry.npmjs.org/config-chain set size:undefined disposed:false
728 http fetch GET 200 https://registry.npmjs.org/editorconfig 212ms (cache miss)
729 silly packumentCache full:https://registry.npmjs.org/editorconfig set size:undefined disposed:false
730 http fetch GET 200 https://registry.npmjs.org/js-cookie 214ms (cache miss)
731 silly packumentCache full:https://registry.npmjs.org/js-cookie set size:undefined disposed:false
732 http fetch GET 200 https://registry.npmjs.org/nopt 217ms (cache miss)
733 silly packumentCache full:https://registry.npmjs.org/nopt set size:undefined disposed:false
734 http fetch GET 200 https://registry.npmjs.org/glob 272ms (cache miss)
735 silly packumentCache full:https://registry.npmjs.org/glob set size:undefined disposed:false
736 silly placeDep ROOT follow-redirects@1.16.0 OK for: axios@1.18.1 want: ^1.16.0
737 silly placeDep ROOT form-data@4.0.6 OK for: axios@1.18.1 want: ^4.0.5
738 silly placeDep ROOT https-proxy-agent@5.0.1 OK for: axios@1.18.1 want: ^5.0.1
739 silly placeDep ROOT proxy-from-env@2.1.0 OK for: axios@1.18.1 want: ^2.1.0
740 silly fetch manifest hasown@^2.0.4
741 silly packumentCache full:https://registry.npmjs.org/hasown cache-miss
742 silly fetch manifest asynckit@^0.4.0
743 silly packumentCache full:https://registry.npmjs.org/asynckit cache-miss
744 silly fetch manifest mime-types@^2.1.35
745 silly packumentCache full:https://registry.npmjs.org/mime-types cache-miss
746 silly fetch manifest combined-stream@^1.0.8
747 silly packumentCache full:https://registry.npmjs.org/combined-stream cache-miss
748 silly fetch manifest es-set-tostringtag@^2.1.0
749 silly packumentCache full:https://registry.npmjs.org/es-set-tostringtag cache-miss
750 silly fetch manifest debug@4
751 silly packumentCache full:https://registry.npmjs.org/debug cache-miss
752 silly fetch manifest agent-base@6
753 silly packumentCache full:https://registry.npmjs.org/agent-base cache-miss
754 http fetch GET 200 https://registry.npmjs.org/es-set-tostringtag 209ms (cache miss)
755 silly packumentCache full:https://registry.npmjs.org/es-set-tostringtag set size:undefined disposed:false
756 http fetch GET 200 https://registry.npmjs.org/hasown 210ms (cache miss)
757 silly packumentCache full:https://registry.npmjs.org/hasown set size:undefined disposed:false
758 http fetch GET 200 https://registry.npmjs.org/combined-stream 216ms (cache miss)
759 silly packumentCache full:https://registry.npmjs.org/combined-stream set size:undefined disposed:false
760 http fetch GET 200 https://registry.npmjs.org/asynckit 220ms (cache miss)
761 silly packumentCache full:https://registry.npmjs.org/asynckit set size:undefined disposed:false
762 http fetch GET 200 https://registry.npmjs.org/mime-types 220ms (cache miss)
763 silly packumentCache full:https://registry.npmjs.org/mime-types set size:undefined disposed:false
764 http fetch GET 200 https://registry.npmjs.org/agent-base 224ms (cache miss)
765 silly packumentCache full:https://registry.npmjs.org/agent-base set size:undefined disposed:false
766 http fetch GET 200 https://registry.npmjs.org/debug 266ms (cache miss)
767 silly packumentCache full:https://registry.npmjs.org/debug set size:undefined disposed:false
768 silly fetch manifest vue@^3.3.7
769 silly packumentCache full:https://registry.npmjs.org/vue cache-miss
770 http cache https://registry.npmjs.org/vue 6ms (cache hit)
771 silly packumentCache full:https://registry.npmjs.org/vue set size:2074570 disposed:false
772 silly fetch manifest typescript@*
773 silly packumentCache full:https://registry.npmjs.org/typescript cache-miss
774 http cache https://registry.npmjs.org/typescript 28ms (cache hit)
775 silly packumentCache full:https://registry.npmjs.org/typescript set size:15443961 disposed:false
776 silly placeDep ROOT @ctrl/tinycolor@4.2.0 OK for: element-plus@2.14.3 want: ^4.2.0
777 silly placeDep ROOT @element-plus/icons-vue@2.3.2 OK for: element-plus@2.14.3 want: ^2.3.2
778 silly placeDep ROOT @floating-ui/dom@1.8.0 OK for: element-plus@2.14.3 want: ^1.7.6
779 silly placeDep ROOT @popperjs/core@2.11.8 OK for: element-plus@2.14.3 want: npm:@sxzz/popperjs-es@^2.11.8
780 silly placeDep ROOT @types/lodash@4.17.24 OK for: element-plus@2.14.3 want: ^4.17.24
781 silly placeDep ROOT @types/lodash-es@4.17.12 OK for: element-plus@2.14.3 want: ^4.17.12
782 silly placeDep ROOT @vueuse/core@14.3.0 OK for: element-plus@2.14.3 want: 14.3.0
783 silly placeDep ROOT async-validator@4.2.5 OK for: element-plus@2.14.3 want: ^4.2.5
784 silly placeDep ROOT dayjs@1.11.21 OK for: element-plus@2.14.3 want: ^1.11.20
785 silly placeDep ROOT lodash@4.18.1 OK for: element-plus@2.14.3 want: ^4.18.1
786 silly placeDep ROOT lodash-es@4.18.1 OK for: element-plus@2.14.3 want: ^4.18.1
787 silly placeDep ROOT lodash-unified@1.0.3 OK for: element-plus@2.14.3 want: ^1.0.3
788 silly placeDep ROOT memoize-one@6.0.0 OK for: element-plus@2.14.3 want: ^6.0.0
789 silly placeDep ROOT normalize-wheel-es@1.2.0 OK for: element-plus@2.14.3 want: ^1.2.0
790 silly fetch manifest @floating-ui/core@^1.8.0
791 silly packumentCache full:https://registry.npmjs.org/@floating-ui%2fcore cache-miss
792 silly fetch manifest @floating-ui/utils@^0.2.12
793 silly packumentCache full:https://registry.npmjs.org/@floating-ui%2futils cache-miss
794 silly fetch manifest @types/web-bluetooth@^0.0.21
795 silly packumentCache full:https://registry.npmjs.org/@types%2fweb-bluetooth cache-miss
796 silly fetch manifest @vueuse/metadata@14.3.0
797 silly packumentCache full:https://registry.npmjs.org/@vueuse%2fmetadata cache-miss
798 silly fetch manifest @vueuse/shared@14.3.0
799 silly packumentCache full:https://registry.npmjs.org/@vueuse%2fshared cache-miss
800 http fetch GET 200 https://registry.npmjs.org/@vueuse%2fmetadata 234ms (cache miss)
801 silly packumentCache full:https://registry.npmjs.org/@vueuse%2fmetadata set size:undefined disposed:false
802 http fetch GET 200 https://registry.npmjs.org/@types%2fweb-bluetooth 237ms (cache miss)
803 silly packumentCache full:https://registry.npmjs.org/@types%2fweb-bluetooth set size:undefined disposed:false
804 http fetch GET 200 https://registry.npmjs.org/@vueuse%2fshared 245ms (cache miss)
805 silly packumentCache full:https://registry.npmjs.org/@vueuse%2fshared set size:undefined disposed:false
806 http fetch GET 200 https://registry.npmjs.org/@floating-ui%2futils 253ms (cache miss)
807 silly packumentCache full:https://registry.npmjs.org/@floating-ui%2futils set size:undefined disposed:false
808 http fetch GET 200 https://registry.npmjs.org/@floating-ui%2fcore 255ms (cache miss)
809 silly packumentCache full:https://registry.npmjs.org/@floating-ui%2fcore set size:undefined disposed:false
810 silly placeDep ROOT @floating-ui/core@1.8.0 OK for: @floating-ui/dom@1.8.0 want: ^1.8.0
811 silly placeDep ROOT @floating-ui/utils@0.2.12 OK for: @floating-ui/dom@1.8.0 want: ^0.2.12
812 silly fetch manifest vue@^3.5.0
813 silly packumentCache full:https://registry.npmjs.org/vue cache-miss
814 http cache https://registry.npmjs.org/vue 6ms (cache hit)
815 silly packumentCache full:https://registry.npmjs.org/vue set size:2074570 disposed:false
816 silly placeDep ROOT @types/web-bluetooth@0.0.21 OK for: @vueuse/core@14.3.0 want: ^0.0.21
817 silly placeDep ROOT @vueuse/metadata@14.3.0 OK for: @vueuse/core@14.3.0 want: 14.3.0
818 silly placeDep ROOT @vueuse/shared@14.3.0 OK for: @vueuse/core@14.3.0 want: 14.3.0
819 silly placeDep ROOT asynckit@0.4.0 OK for: form-data@4.0.6 want: ^0.4.0
820 silly placeDep ROOT combined-stream@1.0.8 OK for: form-data@4.0.6 want: ^1.0.8
821 silly placeDep ROOT es-set-tostringtag@2.1.0 OK for: form-data@4.0.6 want: ^2.1.0
822 silly placeDep ROOT hasown@2.0.4 OK for: form-data@4.0.6 want: ^2.0.4
823 silly placeDep ROOT mime-types@2.1.35 OK for: form-data@4.0.6 want: ^2.1.35
824 silly fetch manifest delayed-stream@~1.0.0
825 silly packumentCache full:https://registry.npmjs.org/delayed-stream cache-miss
826 silly fetch manifest es-errors@^1.3.0
827 silly packumentCache full:https://registry.npmjs.org/es-errors cache-miss
828 silly fetch manifest get-intrinsic@^1.2.6
829 silly packumentCache full:https://registry.npmjs.org/get-intrinsic cache-miss
830 silly fetch manifest has-tostringtag@^1.0.2
831 silly packumentCache full:https://registry.npmjs.org/has-tostringtag cache-miss
832 silly fetch manifest hasown@^2.0.2
833 silly packumentCache full:https://registry.npmjs.org/hasown cache-miss
834 silly fetch manifest function-bind@^1.1.2
835 silly packumentCache full:https://registry.npmjs.org/function-bind cache-miss
836 silly fetch manifest mime-db@1.52.0
837 silly packumentCache full:https://registry.npmjs.org/mime-db cache-miss
838 http cache https://registry.npmjs.org/hasown 6ms (cache hit)
839 silly packumentCache full:https://registry.npmjs.org/hasown set size:18361 disposed:false
840 http fetch GET 200 https://registry.npmjs.org/delayed-stream 202ms (cache miss)
841 silly packumentCache full:https://registry.npmjs.org/delayed-stream set size:undefined disposed:false
842 http fetch GET 200 https://registry.npmjs.org/function-bind 203ms (cache miss)
843 silly packumentCache full:https://registry.npmjs.org/function-bind set size:undefined disposed:false
844 http fetch GET 200 https://registry.npmjs.org/es-errors 206ms (cache miss)
845 silly packumentCache full:https://registry.npmjs.org/es-errors set size:undefined disposed:false
846 http fetch GET 200 https://registry.npmjs.org/has-tostringtag 208ms (cache miss)
847 silly packumentCache full:https://registry.npmjs.org/has-tostringtag set size:undefined disposed:false
848 http fetch GET 200 https://registry.npmjs.org/get-intrinsic 217ms (cache miss)
849 silly packumentCache full:https://registry.npmjs.org/get-intrinsic set size:undefined disposed:false
850 http fetch GET 200 https://registry.npmjs.org/mime-db 234ms (cache miss)
851 silly packumentCache full:https://registry.npmjs.org/mime-db set size:undefined disposed:false
852 silly placeDep ROOT delayed-stream@1.0.0 OK for: combined-stream@1.0.8 want: ~1.0.0
853 silly placeDep ROOT es-errors@1.3.0 OK for: es-set-tostringtag@2.1.0 want: ^1.3.0
854 silly placeDep ROOT get-intrinsic@1.3.0 OK for: es-set-tostringtag@2.1.0 want: ^1.2.6
855 silly placeDep ROOT has-tostringtag@1.0.2 OK for: es-set-tostringtag@2.1.0 want: ^1.0.2
856 silly fetch manifest gopd@^1.2.0
857 silly packumentCache full:https://registry.npmjs.org/gopd cache-miss
858 silly fetch manifest get-proto@^1.0.1
859 silly packumentCache full:https://registry.npmjs.org/get-proto cache-miss
860 silly fetch manifest has-symbols@^1.1.0
861 silly packumentCache full:https://registry.npmjs.org/has-symbols cache-miss
862 silly fetch manifest es-object-atoms@^1.1.1
863 silly packumentCache full:https://registry.npmjs.org/es-object-atoms cache-miss
864 silly fetch manifest math-intrinsics@^1.1.0
865 silly packumentCache full:https://registry.npmjs.org/math-intrinsics cache-miss
866 silly fetch manifest es-define-property@^1.0.1
867 silly packumentCache full:https://registry.npmjs.org/es-define-property cache-miss
868 silly fetch manifest call-bind-apply-helpers@^1.0.2
869 silly packumentCache full:https://registry.npmjs.org/call-bind-apply-helpers cache-miss
870 silly fetch manifest has-symbols@^1.0.3
871 silly packumentCache full:https://registry.npmjs.org/has-symbols cache-miss
872 http fetch GET 200 https://registry.npmjs.org/get-proto 204ms (cache miss)
873 silly packumentCache full:https://registry.npmjs.org/get-proto set size:undefined disposed:false
874 http fetch GET 200 https://registry.npmjs.org/call-bind-apply-helpers 203ms (cache miss)
875 silly packumentCache full:https://registry.npmjs.org/call-bind-apply-helpers set size:undefined disposed:false
876 http fetch GET 200 https://registry.npmjs.org/math-intrinsics 207ms (cache miss)
877 silly packumentCache full:https://registry.npmjs.org/math-intrinsics set size:undefined disposed:false
878 http fetch GET 200 https://registry.npmjs.org/has-symbols 208ms (cache miss)
879 silly packumentCache full:https://registry.npmjs.org/has-symbols set size:undefined disposed:false
880 http fetch GET 200 https://registry.npmjs.org/gopd 211ms (cache miss)
881 silly packumentCache full:https://registry.npmjs.org/gopd set size:undefined disposed:false
882 http fetch GET 200 https://registry.npmjs.org/es-object-atoms 215ms (cache miss)
883 silly packumentCache full:https://registry.npmjs.org/es-object-atoms set size:undefined disposed:false
884 http fetch GET 200 https://registry.npmjs.org/es-define-property 218ms (cache miss)
885 silly packumentCache full:https://registry.npmjs.org/es-define-property set size:undefined disposed:false
886 http fetch GET 200 https://registry.npmjs.org/has-symbols 223ms (cache miss)
887 silly packumentCache full:https://registry.npmjs.org/has-symbols set size:undefined disposed:false
888 silly placeDep ROOT call-bind-apply-helpers@1.0.2 OK for: get-intrinsic@1.3.0 want: ^1.0.2
889 silly placeDep ROOT es-define-property@1.0.1 OK for: get-intrinsic@1.3.0 want: ^1.0.1
890 silly placeDep ROOT es-object-atoms@1.1.2 OK for: get-intrinsic@1.3.0 want: ^1.1.1
891 silly placeDep ROOT function-bind@1.1.2 OK for: get-intrinsic@1.3.0 want: ^1.1.2
892 silly placeDep ROOT get-proto@1.0.1 OK for: get-intrinsic@1.3.0 want: ^1.0.1
893 silly placeDep ROOT gopd@1.2.0 OK for: get-intrinsic@1.3.0 want: ^1.2.0
894 silly placeDep ROOT has-symbols@1.1.0 OK for: get-intrinsic@1.3.0 want: ^1.1.0
895 silly placeDep ROOT math-intrinsics@1.1.0 OK for: get-intrinsic@1.3.0 want: ^1.1.0
896 silly fetch manifest dunder-proto@^1.0.1
897 silly packumentCache full:https://registry.npmjs.org/dunder-proto cache-miss
898 http fetch GET 200 https://registry.npmjs.org/dunder-proto 201ms (cache miss)
899 silly packumentCache full:https://registry.npmjs.org/dunder-proto set size:undefined disposed:false
900 silly placeDep ROOT dunder-proto@1.0.1 OK for: get-proto@1.0.1 want: ^1.0.1
901 silly placeDep ROOT agent-base@6.0.2 OK for: https-proxy-agent@5.0.1 want: 6
902 silly placeDep ROOT debug@4.4.3 OK for: https-proxy-agent@5.0.1 want: 4
903 silly fetch manifest ms@^2.1.3
904 silly packumentCache full:https://registry.npmjs.org/ms cache-miss
905 http fetch GET 200 https://registry.npmjs.org/ms 215ms (cache miss)
906 silly packumentCache full:https://registry.npmjs.org/ms set size:undefined disposed:false
907 silly placeDep ROOT ms@2.1.3 OK for: debug@4.4.3 want: ^2.1.3
908 silly placeDep ROOT config-chain@1.1.13 OK for: js-beautify@1.15.4 want: ^1.1.13
909 silly placeDep ROOT editorconfig@1.0.7 OK for: js-beautify@1.15.4 want: ^1.0.4
910 silly placeDep ROOT glob@10.5.0 OK for: js-beautify@1.15.4 want: ^10.4.2
911 silly placeDep ROOT js-cookie@3.0.8 OK for: js-beautify@1.15.4 want: ^3.0.5
912 silly placeDep ROOT nopt@7.2.1 OK for: js-beautify@1.15.4 want: ^7.2.1
913 silly fetch manifest proto-list@~1.2.1
914 silly packumentCache full:https://registry.npmjs.org/proto-list cache-miss
915 silly fetch manifest ini@^1.3.4
916 silly packumentCache full:https://registry.npmjs.org/ini cache-miss
917 silly fetch manifest semver@^7.5.3
918 silly packumentCache full:https://registry.npmjs.org/semver cache-miss
919 silly fetch manifest commander@^10.0.0
920 silly packumentCache full:https://registry.npmjs.org/commander cache-miss
921 silly fetch manifest minimatch@^9.0.1
922 silly packumentCache full:https://registry.npmjs.org/minimatch cache-miss
923 silly fetch manifest @one-ini/wasm@0.1.1
924 silly packumentCache full:https://registry.npmjs.org/@one-ini%2fwasm cache-miss
925 silly fetch manifest minipass@^7.1.2
926 silly packumentCache full:https://registry.npmjs.org/minipass cache-miss
927 silly fetch manifest jackspeak@^3.1.2
928 silly packumentCache full:https://registry.npmjs.org/jackspeak cache-miss
929 silly fetch manifest minimatch@^9.0.4
930 silly packumentCache full:https://registry.npmjs.org/minimatch cache-miss
931 silly fetch manifest path-scurry@^1.11.1
932 silly packumentCache full:https://registry.npmjs.org/path-scurry cache-miss
933 silly fetch manifest foreground-child@^3.1.0
934 silly packumentCache full:https://registry.npmjs.org/foreground-child cache-miss
935 silly fetch manifest package-json-from-dist@^1.0.0
936 silly packumentCache full:https://registry.npmjs.org/package-json-from-dist cache-miss
937 silly fetch manifest abbrev@^2.0.0
938 silly packumentCache full:https://registry.npmjs.org/abbrev cache-miss
939 http fetch GET 200 https://registry.npmjs.org/proto-list 208ms (cache miss)
940 silly packumentCache full:https://registry.npmjs.org/proto-list set size:undefined disposed:false
941 http fetch GET 200 https://registry.npmjs.org/jackspeak 216ms (cache miss)
942 silly packumentCache full:https://registry.npmjs.org/jackspeak set size:undefined disposed:false
943 http fetch GET 200 https://registry.npmjs.org/ini 222ms (cache miss)
944 silly packumentCache full:https://registry.npmjs.org/ini set size:undefined disposed:false
945 http fetch GET 200 https://registry.npmjs.org/minipass 222ms (cache miss)
946 silly packumentCache full:https://registry.npmjs.org/minipass set size:undefined disposed:false
947 http fetch GET 200 https://registry.npmjs.org/package-json-from-dist 224ms (cache miss)
948 silly packumentCache full:https://registry.npmjs.org/package-json-from-dist set size:undefined disposed:false
949 http fetch GET 200 https://registry.npmjs.org/foreground-child 234ms (cache miss)
950 silly packumentCache full:https://registry.npmjs.org/foreground-child set size:undefined disposed:false
951 http fetch GET 200 https://registry.npmjs.org/abbrev 235ms (cache miss)
952 silly packumentCache full:https://registry.npmjs.org/abbrev set size:undefined disposed:false
953 http fetch GET 200 https://registry.npmjs.org/@one-ini%2fwasm 241ms (cache miss)
954 silly packumentCache full:https://registry.npmjs.org/@one-ini%2fwasm set size:undefined disposed:false
955 http fetch GET 200 https://registry.npmjs.org/semver 247ms (cache miss)
956 silly packumentCache full:https://registry.npmjs.org/semver set size:undefined disposed:false
957 http fetch GET 200 https://registry.npmjs.org/path-scurry 247ms (cache miss)
958 silly packumentCache full:https://registry.npmjs.org/path-scurry set size:undefined disposed:false
959 http fetch GET 200 https://registry.npmjs.org/commander 281ms (cache miss)
960 silly packumentCache full:https://registry.npmjs.org/commander set size:undefined disposed:false
961 http fetch GET 200 https://registry.npmjs.org/minimatch 293ms (cache miss)
962 silly packumentCache full:https://registry.npmjs.org/minimatch set size:undefined disposed:false
963 http fetch GET 200 https://registry.npmjs.org/minimatch 296ms (cache miss)
964 silly packumentCache full:https://registry.npmjs.org/minimatch set size:undefined disposed:false
965 silly placeDep ROOT ini@1.3.8 OK for: config-chain@1.1.13 want: ^1.3.4
966 silly placeDep ROOT proto-list@1.2.4 OK for: config-chain@1.1.13 want: ~1.2.1
967 silly placeDep ROOT @one-ini/wasm@0.1.1 OK for: editorconfig@1.0.7 want: 0.1.1
968 silly placeDep ROOT commander@10.0.1 OK for: editorconfig@1.0.7 want: ^10.0.0
969 silly placeDep ROOT minimatch@9.0.9 OK for: editorconfig@1.0.7 want: ^9.0.1
970 silly placeDep ROOT semver@7.8.5 OK for: editorconfig@1.0.7 want: ^7.5.3
971 silly fetch manifest brace-expansion@^2.0.2
972 silly packumentCache full:https://registry.npmjs.org/brace-expansion cache-miss
973 http fetch GET 200 https://registry.npmjs.org/brace-expansion 212ms (cache miss)
974 silly packumentCache full:https://registry.npmjs.org/brace-expansion set size:undefined disposed:false
975 silly placeDep ROOT foreground-child@3.3.1 OK for: glob@10.5.0 want: ^3.1.0
976 silly placeDep ROOT jackspeak@3.4.3 OK for: glob@10.5.0 want: ^3.1.2
977 silly placeDep ROOT minipass@7.1.3 OK for: glob@10.5.0 want: ^7.1.2
978 silly placeDep ROOT package-json-from-dist@1.0.1 OK for: glob@10.5.0 want: ^1.0.0
979 silly placeDep ROOT path-scurry@1.11.1 OK for: glob@10.5.0 want: ^1.11.1
980 silly fetch manifest cross-spawn@^7.0.6
981 silly packumentCache full:https://registry.npmjs.org/cross-spawn cache-miss
982 silly fetch manifest signal-exit@^4.0.1
983 silly packumentCache full:https://registry.npmjs.org/signal-exit cache-miss
984 silly fetch manifest @isaacs/cliui@^8.0.2
985 silly packumentCache full:https://registry.npmjs.org/@isaacs%2fcliui cache-miss
986 silly fetch manifest @pkgjs/parseargs@^0.11.0
987 silly packumentCache full:https://registry.npmjs.org/@pkgjs%2fparseargs cache-miss
988 silly fetch manifest lru-cache@^10.2.0
989 silly packumentCache full:https://registry.npmjs.org/lru-cache cache-miss
990 http cache https://registry.npmjs.org/lru-cache 5ms (cache hit)
991 silly packumentCache full:https://registry.npmjs.org/lru-cache set size:460407 disposed:false
992 http fetch GET 200 https://registry.npmjs.org/@isaacs%2fcliui 212ms (cache miss)
993 silly packumentCache full:https://registry.npmjs.org/@isaacs%2fcliui set size:undefined disposed:false
994 http fetch GET 200 https://registry.npmjs.org/signal-exit 214ms (cache miss)
995 silly packumentCache full:https://registry.npmjs.org/signal-exit set size:undefined disposed:false
996 http fetch GET 200 https://registry.npmjs.org/cross-spawn 217ms (cache miss)
997 silly packumentCache full:https://registry.npmjs.org/cross-spawn set size:undefined disposed:false
998 http fetch GET 200 https://registry.npmjs.org/@pkgjs%2fparseargs 221ms (cache miss)
999 silly packumentCache full:https://registry.npmjs.org/@pkgjs%2fparseargs set size:undefined disposed:false
1000 silly placeDep ROOT cross-spawn@7.0.6 OK for: foreground-child@3.3.1 want: ^7.0.6
1001 silly placeDep ROOT signal-exit@4.1.0 OK for: foreground-child@3.3.1 want: ^4.0.1
1002 silly fetch manifest which@^2.0.1
1003 silly packumentCache full:https://registry.npmjs.org/which cache-miss
1004 silly fetch manifest path-key@^3.1.0
1005 silly packumentCache full:https://registry.npmjs.org/path-key cache-miss
1006 silly fetch manifest shebang-command@^2.0.0
1007 silly packumentCache full:https://registry.npmjs.org/shebang-command cache-miss
1008 http fetch GET 200 https://registry.npmjs.org/which 211ms (cache miss)
1009 silly packumentCache full:https://registry.npmjs.org/which set size:undefined disposed:false
1010 http fetch GET 200 https://registry.npmjs.org/shebang-command 218ms (cache miss)
1011 silly packumentCache full:https://registry.npmjs.org/shebang-command set size:undefined disposed:false
1012 http fetch GET 200 https://registry.npmjs.org/path-key 221ms (cache miss)
1013 silly packumentCache full:https://registry.npmjs.org/path-key set size:undefined disposed:false
1014 silly placeDep ROOT path-key@3.1.1 OK for: cross-spawn@7.0.6 want: ^3.1.0
1015 silly placeDep ROOT shebang-command@2.0.0 OK for: cross-spawn@7.0.6 want: ^2.0.0
1016 silly placeDep ROOT which@2.0.2 OK for: cross-spawn@7.0.6 want: ^2.0.1
1017 silly fetch manifest shebang-regex@^3.0.0
1018 silly packumentCache full:https://registry.npmjs.org/shebang-regex cache-miss
1019 silly fetch manifest isexe@^2.0.0
1020 silly packumentCache full:https://registry.npmjs.org/isexe cache-miss
1021 http fetch GET 200 https://registry.npmjs.org/isexe 202ms (cache miss)
1022 silly packumentCache full:https://registry.npmjs.org/isexe set size:undefined disposed:false
1023 http fetch GET 200 https://registry.npmjs.org/shebang-regex 226ms (cache miss)
1024 silly packumentCache full:https://registry.npmjs.org/shebang-regex set size:undefined disposed:false
1025 silly placeDep ROOT @isaacs/cliui@8.0.2 OK for: jackspeak@3.4.3 want: ^8.0.2
1026 silly placeDep ROOT @pkgjs/parseargs@0.11.0 OK for: jackspeak@3.4.3 want: ^0.11.0
1027 silly fetch manifest wrap-ansi@^8.1.0
1028 silly packumentCache full:https://registry.npmjs.org/wrap-ansi cache-miss
1029 silly fetch manifest strip-ansi@^7.0.1
1030 silly packumentCache full:https://registry.npmjs.org/strip-ansi cache-miss
1031 silly fetch manifest string-width@^5.1.2
1032 silly packumentCache full:https://registry.npmjs.org/string-width cache-miss
1033 silly fetch manifest wrap-ansi-cjs@npm:wrap-ansi@^7.0.0
1034 silly packumentCache full:https://registry.npmjs.org/wrap-ansi cache-miss
1035 silly fetch manifest strip-ansi-cjs@npm:strip-ansi@^6.0.1
1036 silly packumentCache full:https://registry.npmjs.org/strip-ansi cache-miss
1037 silly fetch manifest string-width-cjs@npm:string-width@^4.2.0
1038 silly packumentCache full:https://registry.npmjs.org/string-width cache-miss
1039 http fetch GET 200 https://registry.npmjs.org/strip-ansi 212ms (cache miss)
1040 silly packumentCache full:https://registry.npmjs.org/strip-ansi set size:undefined disposed:false
1041 http fetch GET 200 https://registry.npmjs.org/strip-ansi 213ms (cache miss)
1042 silly packumentCache full:https://registry.npmjs.org/strip-ansi set size:undefined disposed:false
1043 http fetch GET 200 https://registry.npmjs.org/string-width 215ms (cache miss)
1044 silly packumentCache full:https://registry.npmjs.org/string-width set size:undefined disposed:false
1045 http fetch GET 200 https://registry.npmjs.org/wrap-ansi 218ms (cache miss)
1046 silly packumentCache full:https://registry.npmjs.org/wrap-ansi set size:undefined disposed:false
1047 http fetch GET 200 https://registry.npmjs.org/string-width 221ms (cache miss)
1048 silly packumentCache full:https://registry.npmjs.org/string-width set size:undefined disposed:false
1049 http fetch GET 200 https://registry.npmjs.org/wrap-ansi 225ms (cache miss)
1050 silly packumentCache full:https://registry.npmjs.org/wrap-ansi set size:undefined disposed:false
1051 silly placeDep ROOT string-width@5.1.2 OK for: @isaacs/cliui@8.0.2 want: ^5.1.2
1052 silly placeDep ROOT string-width-cjs@4.2.3 OK for: @isaacs/cliui@8.0.2 want: npm:string-width@^4.2.0
1053 silly placeDep ROOT strip-ansi@7.2.0 OK for: @isaacs/cliui@8.0.2 want: ^7.0.1
1054 silly placeDep ROOT strip-ansi-cjs@6.0.1 OK for: @isaacs/cliui@8.0.2 want: npm:strip-ansi@^6.0.1
1055 silly placeDep ROOT wrap-ansi@8.1.0 OK for: @isaacs/cliui@8.0.2 want: ^8.1.0
1056 silly placeDep ROOT wrap-ansi-cjs@7.0.0 OK for: @isaacs/cliui@8.0.2 want: npm:wrap-ansi@^7.0.0
1057 silly fetch manifest emoji-regex@^9.2.2
1058 silly packumentCache full:https://registry.npmjs.org/emoji-regex cache-miss
1059 silly fetch manifest eastasianwidth@^0.2.0
1060 silly packumentCache full:https://registry.npmjs.org/eastasianwidth cache-miss
1061 silly fetch manifest strip-ansi@^6.0.1
1062 silly packumentCache full:https://registry.npmjs.org/strip-ansi cache-miss
1063 silly fetch manifest emoji-regex@^8.0.0
1064 silly packumentCache full:https://registry.npmjs.org/emoji-regex cache-miss
1065 silly fetch manifest is-fullwidth-code-point@^3.0.0
1066 silly packumentCache full:https://registry.npmjs.org/is-fullwidth-code-point cache-miss
1067 silly fetch manifest ansi-regex@^6.2.2
1068 silly packumentCache full:https://registry.npmjs.org/ansi-regex cache-miss
1069 silly fetch manifest ansi-regex@^5.0.1
1070 silly packumentCache full:https://registry.npmjs.org/ansi-regex cache-miss
1071 silly fetch manifest ansi-styles@^6.1.0
1072 silly packumentCache full:https://registry.npmjs.org/ansi-styles cache-miss
1073 silly fetch manifest strip-ansi@^6.0.0
1074 silly packumentCache full:https://registry.npmjs.org/strip-ansi cache-miss
1075 silly fetch manifest ansi-styles@^4.0.0
1076 silly packumentCache full:https://registry.npmjs.org/ansi-styles cache-miss
1077 silly fetch manifest string-width@^4.1.0
1078 silly packumentCache full:https://registry.npmjs.org/string-width cache-miss
1079 http cache https://registry.npmjs.org/string-width 9ms (cache hit)
1080 silly packumentCache full:https://registry.npmjs.org/string-width set size:72458 disposed:false
1081 http cache https://registry.npmjs.org/strip-ansi 11ms (cache hit)
1082 silly packumentCache full:https://registry.npmjs.org/strip-ansi set size:44998 disposed:false
1083 http cache https://registry.npmjs.org/strip-ansi 12ms (cache hit)
1084 silly packumentCache full:https://registry.npmjs.org/strip-ansi set size:44998 disposed:false
1085 silly packumentCache full:https://registry.npmjs.org/strip-ansi dispose
1086 http fetch GET 200 https://registry.npmjs.org/eastasianwidth 204ms (cache miss)
1087 silly packumentCache full:https://registry.npmjs.org/eastasianwidth set size:undefined disposed:false
1088 http fetch GET 200 https://registry.npmjs.org/ansi-regex 207ms (cache miss)
1089 silly packumentCache full:https://registry.npmjs.org/ansi-regex set size:undefined disposed:false
1090 http fetch GET 200 https://registry.npmjs.org/emoji-regex 209ms (cache miss)
1091 silly packumentCache full:https://registry.npmjs.org/emoji-regex set size:undefined disposed:false
1092 http fetch GET 200 https://registry.npmjs.org/is-fullwidth-code-point 214ms (cache miss)
1093 silly packumentCache full:https://registry.npmjs.org/is-fullwidth-code-point set size:undefined disposed:false
1094 http fetch GET 200 https://registry.npmjs.org/ansi-styles 214ms (cache miss)
1095 silly packumentCache full:https://registry.npmjs.org/ansi-styles set size:undefined disposed:false
1096 http fetch GET 200 https://registry.npmjs.org/emoji-regex 220ms (cache miss)
1097 silly packumentCache full:https://registry.npmjs.org/emoji-regex set size:undefined disposed:false
1098 http fetch GET 200 https://registry.npmjs.org/ansi-regex 231ms (cache miss)
1099 silly packumentCache full:https://registry.npmjs.org/ansi-regex set size:undefined disposed:false
1100 http fetch GET 200 https://registry.npmjs.org/ansi-styles 278ms (cache miss)
1101 silly packumentCache full:https://registry.npmjs.org/ansi-styles set size:undefined disposed:false
1102 silly fetch manifest @noble/hashes@^1.8.0 || ^2.0.0
1103 silly packumentCache full:https://registry.npmjs.org/@noble%2fhashes cache-miss
1104 http fetch GET 200 https://registry.npmjs.org/@noble%2fhashes 285ms (cache miss)
1105 silly packumentCache full:https://registry.npmjs.org/@noble%2fhashes set size:undefined disposed:false
1106 silly placeDep ROOT @asamuzakjp/css-color@5.1.11 OK for: jsdom@29.1.1 want: ^5.1.11
1107 silly placeDep ROOT @asamuzakjp/dom-selector@7.1.1 OK for: jsdom@29.1.1 want: ^7.1.1
1108 silly placeDep ROOT @bramus/specificity@2.4.2 OK for: jsdom@29.1.1 want: ^2.4.2
1109 silly placeDep ROOT @csstools/css-syntax-patches-for-csstree@1.1.6 OK for: jsdom@29.1.1 want: ^1.1.3
1110 silly placeDep ROOT @exodus/bytes@1.15.1 OK for: jsdom@29.1.1 want: ^1.15.0
1111 silly placeDep ROOT css-tree@3.2.1 OK for: jsdom@29.1.1 want: ^3.2.1
1112 silly placeDep ROOT data-urls@7.0.0 OK for: jsdom@29.1.1 want: ^7.0.0
1113 silly placeDep ROOT decimal.js@10.6.0 OK for: jsdom@29.1.1 want: ^10.6.0
1114 silly placeDep ROOT html-encoding-sniffer@6.0.0 OK for: jsdom@29.1.1 want: ^6.0.0
1115 silly placeDep ROOT is-potential-custom-element-name@1.0.1 OK for: jsdom@29.1.1 want: ^1.0.1
1116 silly placeDep ROOT lru-cache@11.5.2 OK for: jsdom@29.1.1 want: ^11.3.5
1117 silly placeDep ROOT parse5@8.0.1 OK for: jsdom@29.1.1 want: ^8.0.1
1118 silly placeDep ROOT saxes@6.0.0 OK for: jsdom@29.1.1 want: ^6.0.0
1119 silly placeDep ROOT symbol-tree@3.2.4 OK for: jsdom@29.1.1 want: ^3.2.4
1120 silly placeDep ROOT tough-cookie@6.0.2 OK for: jsdom@29.1.1 want: ^6.0.1
1121 silly placeDep ROOT undici@7.28.0 OK for: jsdom@29.1.1 want: ^7.25.0
1122 silly placeDep ROOT w3c-xmlserializer@5.0.0 OK for: jsdom@29.1.1 want: ^5.0.0
1123 silly placeDep ROOT webidl-conversions@8.0.1 OK for: jsdom@29.1.1 want: ^8.0.1
1124 silly placeDep ROOT whatwg-mimetype@5.0.0 OK for: jsdom@29.1.1 want: ^5.0.0
1125 silly placeDep ROOT whatwg-url@16.0.1 OK for: jsdom@29.1.1 want: ^16.0.1
1126 silly placeDep ROOT xml-name-validator@5.0.0 OK for: jsdom@29.1.1 want: ^5.0.0
1127 silly fetch manifest @csstools/css-calc@^3.2.0
1128 silly packumentCache full:https://registry.npmjs.org/@csstools%2fcss-calc cache-miss
1129 silly fetch manifest @csstools/css-tokenizer@^4.0.0
1130 silly packumentCache full:https://registry.npmjs.org/@csstools%2fcss-tokenizer cache-miss
1131 silly fetch manifest @csstools/css-color-parser@^4.1.0
1132 silly packumentCache full:https://registry.npmjs.org/@csstools%2fcss-color-parser cache-miss
1133 silly fetch manifest @asamuzakjp/generational-cache@^1.0.1
1134 silly packumentCache full:https://registry.npmjs.org/@asamuzakjp%2fgenerational-cache cache-miss
1135 silly fetch manifest @csstools/css-parser-algorithms@^4.0.0
1136 silly packumentCache full:https://registry.npmjs.org/@csstools%2fcss-parser-algorithms cache-miss
1137 silly fetch manifest bidi-js@^1.0.3
1138 silly packumentCache full:https://registry.npmjs.org/bidi-js cache-miss
1139 silly fetch manifest @asamuzakjp/nwsapi@^2.3.9
1140 silly packumentCache full:https://registry.npmjs.org/@asamuzakjp%2fnwsapi cache-miss
1141 silly fetch manifest @asamuzakjp/generational-cache@^1.0.1
1142 silly packumentCache full:https://registry.npmjs.org/@asamuzakjp%2fgenerational-cache cache-miss
1143 silly fetch manifest css-tree@^3.0.0
1144 silly packumentCache full:https://registry.npmjs.org/css-tree cache-miss
1145 silly fetch manifest mdn-data@2.27.1
1146 silly packumentCache full:https://registry.npmjs.org/mdn-data cache-miss
1147 silly fetch manifest whatwg-url@^16.0.0
1148 silly packumentCache full:https://registry.npmjs.org/whatwg-url cache-miss
1149 silly fetch manifest entities@^8.0.0
1150 silly packumentCache full:https://registry.npmjs.org/entities cache-miss
1151 silly fetch manifest xmlchars@^2.2.0
1152 silly packumentCache full:https://registry.npmjs.org/xmlchars cache-miss
1153 silly fetch manifest tldts@^7.0.5
1154 silly packumentCache full:https://registry.npmjs.org/tldts cache-miss
1155 silly fetch manifest tr46@^6.0.0
1156 silly packumentCache full:https://registry.npmjs.org/tr46 cache-miss
1157 http cache https://registry.npmjs.org/whatwg-url 10ms (cache hit)
1158 silly packumentCache full:https://registry.npmjs.org/whatwg-url set size:177251 disposed:false
1159 http cache https://registry.npmjs.org/css-tree 17ms (cache hit)
1160 silly packumentCache full:https://registry.npmjs.org/css-tree set size:229638 disposed:false
1161 http cache https://registry.npmjs.org/entities 18ms (cache hit)
1162 silly packumentCache full:https://registry.npmjs.org/entities set size:101550 disposed:false
1163 http fetch GET 200 https://registry.npmjs.org/xmlchars 205ms (cache miss)
1164 silly packumentCache full:https://registry.npmjs.org/xmlchars set size:undefined disposed:false
1165 http fetch GET 200 https://registry.npmjs.org/mdn-data 213ms (cache miss)
1166 silly packumentCache full:https://registry.npmjs.org/mdn-data set size:undefined disposed:false
1167 http fetch GET 200 https://registry.npmjs.org/tr46 213ms (cache miss)
1168 silly packumentCache full:https://registry.npmjs.org/tr46 set size:undefined disposed:false
1169 http fetch GET 200 https://registry.npmjs.org/@asamuzakjp%2fgenerational-cache 218ms (cache miss)
1170 silly packumentCache full:https://registry.npmjs.org/@asamuzakjp%2fgenerational-cache set size:undefined disposed:false
1171 http fetch GET 200 https://registry.npmjs.org/bidi-js 224ms (cache miss)
1172 silly packumentCache full:https://registry.npmjs.org/bidi-js set size:undefined disposed:false
1173 http fetch GET 200 https://registry.npmjs.org/@asamuzakjp%2fnwsapi 224ms (cache miss)
1174 silly packumentCache full:https://registry.npmjs.org/@asamuzakjp%2fnwsapi set size:undefined disposed:false
1175 http fetch GET 200 https://registry.npmjs.org/@asamuzakjp%2fgenerational-cache 229ms (cache miss)
1176 silly packumentCache full:https://registry.npmjs.org/@asamuzakjp%2fgenerational-cache set size:undefined disposed:false
1177 http fetch GET 200 https://registry.npmjs.org/@csstools%2fcss-calc 233ms (cache miss)
1178 silly packumentCache full:https://registry.npmjs.org/@csstools%2fcss-calc set size:undefined disposed:false
1179 http fetch GET 200 https://registry.npmjs.org/@csstools%2fcss-tokenizer 238ms (cache miss)
1180 silly packumentCache full:https://registry.npmjs.org/@csstools%2fcss-tokenizer set size:undefined disposed:false
1181 http fetch GET 200 https://registry.npmjs.org/@csstools%2fcss-color-parser 239ms (cache miss)
1182 silly packumentCache full:https://registry.npmjs.org/@csstools%2fcss-color-parser set size:undefined disposed:false
1183 http fetch GET 200 https://registry.npmjs.org/@csstools%2fcss-parser-algorithms 242ms (cache miss)
1184 silly packumentCache full:https://registry.npmjs.org/@csstools%2fcss-parser-algorithms set size:undefined disposed:false
1185 http fetch GET 200 https://registry.npmjs.org/tldts 593ms (cache miss)
1186 silly packumentCache full:https://registry.npmjs.org/tldts set size:undefined disposed:false
1187 silly placeDep ROOT @asamuzakjp/generational-cache@1.0.1 OK for: @asamuzakjp/css-color@5.1.11 want: ^1.0.1
1188 silly placeDep ROOT @csstools/css-calc@3.2.1 OK for: @asamuzakjp/css-color@5.1.11 want: ^3.2.0
1189 silly placeDep ROOT @csstools/css-parser-algorithms@4.0.0 OK for: @csstools/css-calc@3.2.1 want: ^4.0.0
1190 silly placeDep ROOT @csstools/css-tokenizer@4.0.0 OK for: @csstools/css-parser-algorithms@4.0.0 want: ^4.0.0
1191 silly placeDep ROOT @csstools/css-color-parser@4.1.9 OK for: @asamuzakjp/css-color@5.1.11 want: ^4.1.0
1192 silly fetch manifest @csstools/color-helpers@^6.1.0
1193 silly packumentCache full:https://registry.npmjs.org/@csstools%2fcolor-helpers cache-miss
1194 http fetch GET 200 https://registry.npmjs.org/@csstools%2fcolor-helpers 232ms (cache miss)
1195 silly packumentCache full:https://registry.npmjs.org/@csstools%2fcolor-helpers set size:undefined disposed:false
1196 silly placeDep ROOT @asamuzakjp/nwsapi@2.3.9 OK for: @asamuzakjp/dom-selector@7.1.1 want: ^2.3.9
1197 silly placeDep ROOT bidi-js@1.0.3 OK for: @asamuzakjp/dom-selector@7.1.1 want: ^1.0.3
1198 silly fetch manifest require-from-string@^2.0.2
1199 silly packumentCache full:https://registry.npmjs.org/require-from-string cache-miss
1200 http fetch GET 200 https://registry.npmjs.org/require-from-string 212ms (cache miss)
1201 silly packumentCache full:https://registry.npmjs.org/require-from-string set size:undefined disposed:false
1202 silly placeDep ROOT @csstools/color-helpers@6.1.0 OK for: @csstools/css-color-parser@4.1.9 want: ^6.1.0
1203 silly placeDep ROOT require-from-string@2.0.2 OK for: bidi-js@1.0.3 want: ^2.0.2
1204 silly placeDep ROOT mdn-data@2.27.1 OK for: css-tree@3.2.1 want: 2.27.1
1205 silly placeDep ROOT mime-db@1.52.0 OK for: mime-types@2.1.35 want: 1.52.0
1206 silly placeDep ROOT brace-expansion@2.1.2 OK for: minimatch@9.0.9 want: ^2.0.2
1207 silly fetch manifest balanced-match@^1.0.0
1208 silly packumentCache full:https://registry.npmjs.org/balanced-match cache-miss
1209 http fetch GET 200 https://registry.npmjs.org/balanced-match 228ms (cache miss)
1210 silly packumentCache full:https://registry.npmjs.org/balanced-match set size:undefined disposed:false
1211 silly placeDep ROOT balanced-match@1.0.2 OK for: brace-expansion@2.1.2 want: ^1.0.0
1212 silly placeDep ROOT abbrev@2.0.0 OK for: nopt@7.2.1 want: ^2.0.0
1213 silly placeDep node_modules/parse5 entities@8.0.0 OK for: parse5@8.0.1 want: ^8.0.0
1214 silly placeDep node_modules/path-scurry lru-cache@10.4.3 OK for: path-scurry@1.11.1 want: ^10.2.0
1215 silly placeDep ROOT nostics@1.1.4 OK for: pinia@4.0.2 want: ^1.1.4
1216 silly placeDep ROOT xmlchars@2.2.0 OK for: saxes@6.0.0 want: ^2.2.0
1217 silly placeDep ROOT shebang-regex@3.0.0 OK for: shebang-command@2.0.0 want: ^3.0.0
1218 silly placeDep ROOT eastasianwidth@0.2.0 OK for: string-width@5.1.2 want: ^0.2.0
1219 silly placeDep ROOT emoji-regex@9.2.2 OK for: string-width@5.1.2 want: ^9.2.2
1220 silly placeDep node_modules/string-width-cjs emoji-regex@8.0.0 OK for: string-width@4.2.3 want: ^8.0.0
1221 silly placeDep ROOT is-fullwidth-code-point@3.0.0 OK for: string-width@4.2.3 want: ^3.0.0
1222 silly placeDep node_modules/string-width-cjs strip-ansi@6.0.1 OK for: string-width@4.2.3 want: ^6.0.1
1223 silly placeDep ROOT ansi-regex@6.2.2 OK for: strip-ansi@7.2.0 want: ^6.2.2
1224 silly placeDep node_modules/strip-ansi-cjs ansi-regex@5.0.1 OK for: strip-ansi@6.0.1 want: ^5.0.1
1225 silly placeDep ROOT tldts@7.4.9 OK for: tough-cookie@6.0.2 want: ^7.0.5
1226 silly fetch manifest tldts-core@^7.4.9
1227 silly packumentCache full:https://registry.npmjs.org/tldts-core cache-miss
1228 http fetch GET 200 https://registry.npmjs.org/tldts-core 582ms (cache miss)
1229 silly packumentCache full:https://registry.npmjs.org/tldts-core set size:undefined disposed:false
1230 silly placeDep ROOT tldts-core@7.4.9 OK for: tldts@7.4.9 want: ^7.4.9
1231 silly placeDep ROOT @typescript/typescript-aix-ppc64@7.0.2 OK for: typescript@7.0.2 want: 7.0.2
1232 silly placeDep ROOT @typescript/typescript-darwin-arm64@7.0.2 OK for: typescript@7.0.2 want: 7.0.2
1233 silly placeDep ROOT @typescript/typescript-darwin-x64@7.0.2 OK for: typescript@7.0.2 want: 7.0.2
1234 silly placeDep ROOT @typescript/typescript-freebsd-arm64@7.0.2 OK for: typescript@7.0.2 want: 7.0.2
1235 silly placeDep ROOT @typescript/typescript-freebsd-x64@7.0.2 OK for: typescript@7.0.2 want: 7.0.2
1236 silly placeDep ROOT @typescript/typescript-linux-arm@7.0.2 OK for: typescript@7.0.2 want: 7.0.2
1237 silly placeDep ROOT @typescript/typescript-linux-arm64@7.0.2 OK for: typescript@7.0.2 want: 7.0.2
1238 silly placeDep ROOT @typescript/typescript-linux-loong64@7.0.2 OK for: typescript@7.0.2 want: 7.0.2
1239 silly placeDep ROOT @typescript/typescript-linux-mips64el@7.0.2 OK for: typescript@7.0.2 want: 7.0.2
1240 silly placeDep ROOT @typescript/typescript-linux-ppc64@7.0.2 OK for: typescript@7.0.2 want: 7.0.2
1241 silly placeDep ROOT @typescript/typescript-linux-riscv64@7.0.2 OK for: typescript@7.0.2 want: 7.0.2
1242 silly placeDep ROOT @typescript/typescript-linux-s390x@7.0.2 OK for: typescript@7.0.2 want: 7.0.2
1243 silly placeDep ROOT @typescript/typescript-linux-x64@7.0.2 OK for: typescript@7.0.2 want: 7.0.2
1244 silly placeDep ROOT @typescript/typescript-netbsd-arm64@7.0.2 OK for: typescript@7.0.2 want: 7.0.2
1245 silly placeDep ROOT @typescript/typescript-netbsd-x64@7.0.2 OK for: typescript@7.0.2 want: 7.0.2
1246 silly placeDep ROOT @typescript/typescript-openbsd-arm64@7.0.2 OK for: typescript@7.0.2 want: 7.0.2
1247 silly placeDep ROOT @typescript/typescript-openbsd-x64@7.0.2 OK for: typescript@7.0.2 want: 7.0.2
1248 silly placeDep ROOT @typescript/typescript-sunos-x64@7.0.2 OK for: typescript@7.0.2 want: 7.0.2
1249 silly placeDep ROOT @typescript/typescript-win32-arm64@7.0.2 OK for: typescript@7.0.2 want: 7.0.2
1250 silly placeDep ROOT @typescript/typescript-win32-x64@7.0.2 OK for: typescript@7.0.2 want: 7.0.2
1251 silly placeDep ROOT fsevents@2.3.3 OK for: vite@8.1.5 want: ~2.3.3
1252 silly placeDep ROOT lightningcss@1.32.0 OK for: vite@8.1.5 want: ^1.32.0
1253 silly placeDep ROOT picomatch@4.0.5 OK for: vite@8.1.5 want: ^4.0.5
1254 silly placeDep ROOT postcss@8.5.19 OK for: vite@8.1.5 want: ^8.5.17
1255 silly placeDep ROOT rolldown@1.1.5 OK for: vite@8.1.5 want: ~1.1.5
1256 silly placeDep ROOT tinyglobby@0.2.17 OK for: vite@8.1.5 want: ^0.2.17
1257 silly fetch manifest detect-libc@^2.0.3
1258 silly packumentCache full:https://registry.npmjs.org/detect-libc cache-miss
1259 silly fetch manifest lightningcss-darwin-x64@1.32.0
1260 silly packumentCache full:https://registry.npmjs.org/lightningcss-darwin-x64 cache-miss
1261 silly fetch manifest lightningcss-linux-x64-gnu@1.32.0
1262 silly packumentCache full:https://registry.npmjs.org/lightningcss-linux-x64-gnu cache-miss
1263 silly fetch manifest lightningcss-win32-x64-msvc@1.32.0
1264 silly packumentCache full:https://registry.npmjs.org/lightningcss-win32-x64-msvc cache-miss
1265 silly fetch manifest lightningcss-win32-arm64-msvc@1.32.0
1266 silly packumentCache full:https://registry.npmjs.org/lightningcss-win32-arm64-msvc cache-miss
1267 silly fetch manifest lightningcss-darwin-arm64@1.32.0
1268 silly packumentCache full:https://registry.npmjs.org/lightningcss-darwin-arm64 cache-miss
1269 silly fetch manifest lightningcss-linux-arm64-gnu@1.32.0
1270 silly packumentCache full:https://registry.npmjs.org/lightningcss-linux-arm64-gnu cache-miss
1271 silly fetch manifest lightningcss-linux-arm-gnueabihf@1.32.0
1272 silly packumentCache full:https://registry.npmjs.org/lightningcss-linux-arm-gnueabihf cache-miss
1273 silly fetch manifest lightningcss-linux-arm64-musl@1.32.0
1274 silly packumentCache full:https://registry.npmjs.org/lightningcss-linux-arm64-musl cache-miss
1275 silly fetch manifest lightningcss-linux-x64-musl@1.32.0
1276 silly packumentCache full:https://registry.npmjs.org/lightningcss-linux-x64-musl cache-miss
1277 silly fetch manifest lightningcss-freebsd-x64@1.32.0
1278 silly packumentCache full:https://registry.npmjs.org/lightningcss-freebsd-x64 cache-miss
1279 silly fetch manifest lightningcss-android-arm64@1.32.0
1280 silly packumentCache full:https://registry.npmjs.org/lightningcss-android-arm64 cache-miss
1281 silly fetch manifest nanoid@^3.3.12
1282 silly packumentCache full:https://registry.npmjs.org/nanoid cache-miss
1283 silly fetch manifest picocolors@^1.1.1
1284 silly packumentCache full:https://registry.npmjs.org/picocolors cache-miss
1285 silly fetch manifest @oxc-project/types@=0.139.0
1286 silly packumentCache full:https://registry.npmjs.org/@oxc-project%2ftypes cache-miss
1287 http fetch GET 200 https://registry.npmjs.org/detect-libc 208ms (cache miss)
1288 silly packumentCache full:https://registry.npmjs.org/detect-libc set size:undefined disposed:false
1289 silly fetch manifest @rolldown/binding-darwin-x64@1.1.5
1290 silly packumentCache full:https://registry.npmjs.org/@rolldown%2fbinding-darwin-x64 cache-miss
1291 http fetch GET 200 https://registry.npmjs.org/lightningcss-linux-x64-gnu 214ms (cache miss)
1292 silly packumentCache full:https://registry.npmjs.org/lightningcss-linux-x64-gnu set size:undefined disposed:false
1293 silly fetch manifest @rolldown/binding-freebsd-x64@1.1.5
1294 silly packumentCache full:https://registry.npmjs.org/@rolldown%2fbinding-freebsd-x64 cache-miss
1295 http fetch GET 200 https://registry.npmjs.org/lightningcss-win32-arm64-msvc 234ms (cache miss)
1296 silly packumentCache full:https://registry.npmjs.org/lightningcss-win32-arm64-msvc set size:undefined disposed:false
1297 silly fetch manifest @rolldown/binding-wasm32-wasi@1.1.5
1298 silly packumentCache full:https://registry.npmjs.org/@rolldown%2fbinding-wasm32-wasi cache-miss
1299 http fetch GET 200 https://registry.npmjs.org/lightningcss-android-arm64 235ms (cache miss)
1300 silly packumentCache full:https://registry.npmjs.org/lightningcss-android-arm64 set size:undefined disposed:false
1301 silly fetch manifest @rolldown/binding-darwin-arm64@1.1.5
1302 silly packumentCache full:https://registry.npmjs.org/@rolldown%2fbinding-darwin-arm64 cache-miss
1303 http fetch GET 200 https://registry.npmjs.org/lightningcss-freebsd-x64 236ms (cache miss)
1304 silly packumentCache full:https://registry.npmjs.org/lightningcss-freebsd-x64 set size:undefined disposed:false
1305 silly fetch manifest @rolldown/binding-android-arm64@1.1.5
1306 silly packumentCache full:https://registry.npmjs.org/@rolldown%2fbinding-android-arm64 cache-miss
1307 http fetch GET 200 https://registry.npmjs.org/lightningcss-win32-x64-msvc 239ms (cache miss)
1308 silly packumentCache full:https://registry.npmjs.org/lightningcss-win32-x64-msvc set size:undefined disposed:false
1309 silly fetch manifest @rolldown/binding-linux-x64-gnu@1.1.5
1310 silly packumentCache full:https://registry.npmjs.org/@rolldown%2fbinding-linux-x64-gnu cache-miss
1311 http fetch GET 200 https://registry.npmjs.org/lightningcss-darwin-x64 242ms (cache miss)
1312 silly packumentCache full:https://registry.npmjs.org/lightningcss-darwin-x64 set size:undefined disposed:false
1313 silly fetch manifest @rolldown/binding-linux-x64-musl@1.1.5
1314 silly packumentCache full:https://registry.npmjs.org/@rolldown%2fbinding-linux-x64-musl cache-miss
1315 http fetch GET 200 https://registry.npmjs.org/lightningcss-linux-arm64-gnu 243ms (cache miss)
1316 silly packumentCache full:https://registry.npmjs.org/lightningcss-linux-arm64-gnu set size:undefined disposed:false
1317 silly fetch manifest @rolldown/binding-win32-x64-msvc@1.1.5
1318 silly packumentCache full:https://registry.npmjs.org/@rolldown%2fbinding-win32-x64-msvc cache-miss
1319 http fetch GET 200 https://registry.npmjs.org/lightningcss-darwin-arm64 245ms (cache miss)
1320 silly packumentCache full:https://registry.npmjs.org/lightningcss-darwin-arm64 set size:undefined disposed:false
1321 silly fetch manifest @rolldown/binding-linux-arm64-gnu@1.1.5
1322 silly packumentCache full:https://registry.npmjs.org/@rolldown%2fbinding-linux-arm64-gnu cache-miss
1323 http fetch GET 200 https://registry.npmjs.org/lightningcss-linux-arm64-musl 247ms (cache miss)
1324 silly packumentCache full:https://registry.npmjs.org/lightningcss-linux-arm64-musl set size:undefined disposed:false
1325 silly fetch manifest @rolldown/binding-linux-ppc64-gnu@1.1.5
1326 silly packumentCache full:https://registry.npmjs.org/@rolldown%2fbinding-linux-ppc64-gnu cache-miss
1327 http fetch GET 200 https://registry.npmjs.org/lightningcss-linux-arm-gnueabihf 249ms (cache miss)
1328 silly packumentCache full:https://registry.npmjs.org/lightningcss-linux-arm-gnueabihf set size:undefined disposed:false
1329 silly fetch manifest @rolldown/binding-linux-s390x-gnu@1.1.5
1330 silly packumentCache full:https://registry.npmjs.org/@rolldown%2fbinding-linux-s390x-gnu cache-miss
1331 http fetch GET 200 https://registry.npmjs.org/lightningcss-linux-x64-musl 253ms (cache miss)
1332 silly packumentCache full:https://registry.npmjs.org/lightningcss-linux-x64-musl set size:undefined disposed:false
1333 silly fetch manifest @rolldown/binding-linux-arm64-musl@1.1.5
1334 silly packumentCache full:https://registry.npmjs.org/@rolldown%2fbinding-linux-arm64-musl cache-miss
1335 http fetch GET 200 https://registry.npmjs.org/picocolors 255ms (cache miss)
1336 silly packumentCache full:https://registry.npmjs.org/picocolors set size:undefined disposed:false
1337 silly fetch manifest @rolldown/binding-win32-arm64-msvc@1.1.5
1338 silly packumentCache full:https://registry.npmjs.org/@rolldown%2fbinding-win32-arm64-msvc cache-miss
1339 http fetch GET 200 https://registry.npmjs.org/@oxc-project%2ftypes 256ms (cache miss)
1340 silly packumentCache full:https://registry.npmjs.org/@oxc-project%2ftypes set size:undefined disposed:false
1341 silly fetch manifest @rolldown/binding-openharmony-arm64@1.1.5
1342 silly packumentCache full:https://registry.npmjs.org/@rolldown%2fbinding-openharmony-arm64 cache-miss
1343 http fetch GET 200 https://registry.npmjs.org/nanoid 302ms (cache miss)
1344 silly packumentCache full:https://registry.npmjs.org/nanoid set size:undefined disposed:false
1345 silly fetch manifest @rolldown/binding-linux-arm-gnueabihf@1.1.5
1346 silly packumentCache full:https://registry.npmjs.org/@rolldown%2fbinding-linux-arm-gnueabihf cache-miss
1347 http fetch GET 200 https://registry.npmjs.org/@rolldown%2fbinding-darwin-x64 243ms (cache miss)
1348 silly packumentCache full:https://registry.npmjs.org/@rolldown%2fbinding-darwin-x64 set size:undefined disposed:false
1349 silly fetch manifest fdir@^6.5.0
1350 silly packumentCache full:https://registry.npmjs.org/fdir cache-miss
1351 http fetch GET 200 https://registry.npmjs.org/@rolldown%2fbinding-android-arm64 236ms (cache miss)
1352 silly packumentCache full:https://registry.npmjs.org/@rolldown%2fbinding-android-arm64 set size:undefined disposed:false
1353 http fetch GET 200 https://registry.npmjs.org/@rolldown%2fbinding-linux-s390x-gnu 226ms (cache miss)
1354 silly packumentCache full:https://registry.npmjs.org/@rolldown%2fbinding-linux-s390x-gnu set size:undefined disposed:false
1355 http fetch GET 200 https://registry.npmjs.org/@rolldown%2fbinding-linux-ppc64-gnu 229ms (cache miss)
1356 silly packumentCache full:https://registry.npmjs.org/@rolldown%2fbinding-linux-ppc64-gnu set size:undefined disposed:false
1357 http fetch GET 200 https://registry.npmjs.org/@rolldown%2fbinding-freebsd-x64 267ms (cache miss)
1358 silly packumentCache full:https://registry.npmjs.org/@rolldown%2fbinding-freebsd-x64 set size:undefined disposed:false
1359 http fetch GET 200 https://registry.npmjs.org/@rolldown%2fbinding-wasm32-wasi 286ms (cache miss)
1360 silly packumentCache full:https://registry.npmjs.org/@rolldown%2fbinding-wasm32-wasi set size:undefined disposed:false
1361 http fetch GET 200 https://registry.npmjs.org/@rolldown%2fbinding-openharmony-arm64 272ms (cache miss)
1362 silly packumentCache full:https://registry.npmjs.org/@rolldown%2fbinding-openharmony-arm64 set size:undefined disposed:false
1363 http fetch GET 200 https://registry.npmjs.org/@rolldown%2fbinding-linux-x64-musl 338ms (cache miss)
1364 silly packumentCache full:https://registry.npmjs.org/@rolldown%2fbinding-linux-x64-musl set size:undefined disposed:false
1365 http fetch GET 200 https://registry.npmjs.org/@rolldown%2fbinding-win32-arm64-msvc 330ms (cache miss)
1366 silly packumentCache full:https://registry.npmjs.org/@rolldown%2fbinding-win32-arm64-msvc set size:undefined disposed:false
1367 http fetch GET 200 https://registry.npmjs.org/@rolldown%2fbinding-linux-arm64-musl 394ms (cache miss)
1368 silly packumentCache full:https://registry.npmjs.org/@rolldown%2fbinding-linux-arm64-musl set size:undefined disposed:false
1369 http fetch GET 200 https://registry.npmjs.org/fdir 213ms (cache miss)
1370 silly packumentCache full:https://registry.npmjs.org/fdir set size:undefined disposed:false
1371 http fetch GET 200 https://registry.npmjs.org/@rolldown%2fbinding-win32-x64-msvc 476ms (cache miss)
1372 silly packumentCache full:https://registry.npmjs.org/@rolldown%2fbinding-win32-x64-msvc set size:undefined disposed:false
1373 http fetch GET 200 https://registry.npmjs.org/@rolldown%2fbinding-linux-x64-gnu 495ms (cache miss)
1374 silly packumentCache full:https://registry.npmjs.org/@rolldown%2fbinding-linux-x64-gnu set size:undefined disposed:false
1375 http fetch GET 200 https://registry.npmjs.org/@rolldown%2fbinding-darwin-arm64 506ms (cache miss)
1376 silly packumentCache full:https://registry.npmjs.org/@rolldown%2fbinding-darwin-arm64 set size:undefined disposed:false
1377 http fetch GET 200 https://registry.npmjs.org/@rolldown%2fbinding-linux-arm64-gnu 512ms (cache miss)
1378 silly packumentCache full:https://registry.npmjs.org/@rolldown%2fbinding-linux-arm64-gnu set size:undefined disposed:false
1379 http fetch GET 200 https://registry.npmjs.org/@rolldown%2fbinding-linux-arm-gnueabihf 495ms (cache miss)
1380 silly packumentCache full:https://registry.npmjs.org/@rolldown%2fbinding-linux-arm-gnueabihf set size:undefined disposed:false
1381 silly placeDep ROOT detect-libc@2.1.2 OK for: lightningcss@1.32.0 want: ^2.0.3
1382 silly placeDep ROOT lightningcss-android-arm64@1.32.0 OK for: lightningcss@1.32.0 want: 1.32.0
1383 silly placeDep ROOT lightningcss-darwin-arm64@1.32.0 OK for: lightningcss@1.32.0 want: 1.32.0
1384 silly placeDep ROOT lightningcss-darwin-x64@1.32.0 OK for: lightningcss@1.32.0 want: 1.32.0
1385 silly placeDep ROOT lightningcss-freebsd-x64@1.32.0 OK for: lightningcss@1.32.0 want: 1.32.0
1386 silly placeDep ROOT lightningcss-linux-arm-gnueabihf@1.32.0 OK for: lightningcss@1.32.0 want: 1.32.0
1387 silly placeDep ROOT lightningcss-linux-arm64-gnu@1.32.0 OK for: lightningcss@1.32.0 want: 1.32.0
1388 silly placeDep ROOT lightningcss-linux-arm64-musl@1.32.0 OK for: lightningcss@1.32.0 want: 1.32.0
1389 silly placeDep ROOT lightningcss-linux-x64-gnu@1.32.0 OK for: lightningcss@1.32.0 want: 1.32.0
1390 silly placeDep ROOT lightningcss-linux-x64-musl@1.32.0 OK for: lightningcss@1.32.0 want: 1.32.0
1391 silly placeDep ROOT lightningcss-win32-arm64-msvc@1.32.0 OK for: lightningcss@1.32.0 want: 1.32.0
1392 silly placeDep ROOT lightningcss-win32-x64-msvc@1.32.0 OK for: lightningcss@1.32.0 want: 1.32.0
1393 silly placeDep ROOT nanoid@3.3.16 OK for: postcss@8.5.19 want: ^3.3.12
1394 silly placeDep ROOT picocolors@1.1.1 OK for: postcss@8.5.19 want: ^1.1.1
1395 silly placeDep ROOT @oxc-project/types@0.139.0 OK for: rolldown@1.1.5 want: =0.139.0
1396 silly placeDep ROOT @rolldown/binding-android-arm64@1.1.5 OK for: rolldown@1.1.5 want: 1.1.5
1397 silly placeDep ROOT @rolldown/binding-darwin-arm64@1.1.5 OK for: rolldown@1.1.5 want: 1.1.5
1398 silly placeDep ROOT @rolldown/binding-darwin-x64@1.1.5 OK for: rolldown@1.1.5 want: 1.1.5
1399 silly placeDep ROOT @rolldown/binding-freebsd-x64@1.1.5 OK for: rolldown@1.1.5 want: 1.1.5
1400 silly placeDep ROOT @rolldown/binding-linux-arm-gnueabihf@1.1.5 OK for: rolldown@1.1.5 want: 1.1.5
1401 silly placeDep ROOT @rolldown/binding-linux-arm64-gnu@1.1.5 OK for: rolldown@1.1.5 want: 1.1.5
1402 silly placeDep ROOT @rolldown/binding-linux-arm64-musl@1.1.5 OK for: rolldown@1.1.5 want: 1.1.5
1403 silly placeDep ROOT @rolldown/binding-linux-ppc64-gnu@1.1.5 OK for: rolldown@1.1.5 want: 1.1.5
1404 silly placeDep ROOT @rolldown/binding-linux-s390x-gnu@1.1.5 OK for: rolldown@1.1.5 want: 1.1.5
1405 silly placeDep ROOT @rolldown/binding-linux-x64-gnu@1.1.5 OK for: rolldown@1.1.5 want: 1.1.5
1406 silly placeDep ROOT @rolldown/binding-linux-x64-musl@1.1.5 OK for: rolldown@1.1.5 want: 1.1.5
1407 silly placeDep ROOT @rolldown/binding-openharmony-arm64@1.1.5 OK for: rolldown@1.1.5 want: 1.1.5
1408 silly placeDep ROOT @rolldown/binding-wasm32-wasi@1.1.5 OK for: rolldown@1.1.5 want: 1.1.5
1409 silly placeDep ROOT @rolldown/binding-win32-arm64-msvc@1.1.5 OK for: rolldown@1.1.5 want: 1.1.5
1410 silly placeDep ROOT @rolldown/binding-win32-x64-msvc@1.1.5 OK for: rolldown@1.1.5 want: 1.1.5
1411 silly fetch manifest @emnapi/core@1.11.1
1412 silly packumentCache full:https://registry.npmjs.org/@emnapi%2fcore cache-miss
1413 silly fetch manifest @emnapi/runtime@1.11.1
1414 silly packumentCache full:https://registry.npmjs.org/@emnapi%2fruntime cache-miss
1415 silly fetch manifest @napi-rs/wasm-runtime@^1.1.6
1416 silly packumentCache full:https://registry.npmjs.org/@napi-rs%2fwasm-runtime cache-miss
1417 http fetch GET 200 https://registry.npmjs.org/@emnapi%2fruntime 219ms (cache miss)
1418 silly packumentCache full:https://registry.npmjs.org/@emnapi%2fruntime set size:undefined disposed:false
1419 http fetch GET 200 https://registry.npmjs.org/@napi-rs%2fwasm-runtime 226ms (cache miss)
1420 silly packumentCache full:https://registry.npmjs.org/@napi-rs%2fwasm-runtime set size:undefined disposed:false
1421 http fetch GET 200 https://registry.npmjs.org/@emnapi%2fcore 232ms (cache miss)
1422 silly packumentCache full:https://registry.npmjs.org/@emnapi%2fcore set size:undefined disposed:false
1423 silly placeDep ROOT @emnapi/core@1.11.1 OK for: @rolldown/binding-wasm32-wasi@1.1.5 want: 1.11.1
1424 silly placeDep ROOT @emnapi/runtime@1.11.1 OK for: @rolldown/binding-wasm32-wasi@1.1.5 want: 1.11.1
1425 silly placeDep ROOT @napi-rs/wasm-runtime@1.1.6 OK for: @rolldown/binding-wasm32-wasi@1.1.5 want: ^1.1.6
1426 silly fetch manifest tslib@^2.4.0
1427 silly packumentCache full:https://registry.npmjs.org/tslib cache-miss
1428 silly fetch manifest @emnapi/wasi-threads@1.2.2
1429 silly packumentCache full:https://registry.npmjs.org/@emnapi%2fwasi-threads cache-miss
1430 silly fetch manifest tslib@^2.4.0
1431 silly packumentCache full:https://registry.npmjs.org/tslib cache-miss
1432 silly fetch manifest @tybys/wasm-util@^0.10.3
1433 silly packumentCache full:https://registry.npmjs.org/@tybys%2fwasm-util cache-miss
1434 http fetch GET 200 https://registry.npmjs.org/@emnapi%2fwasi-threads 219ms (cache miss)
1435 silly packumentCache full:https://registry.npmjs.org/@emnapi%2fwasi-threads set size:undefined disposed:false
1436 http fetch GET 200 https://registry.npmjs.org/@tybys%2fwasm-util 222ms (cache miss)
1437 silly packumentCache full:https://registry.npmjs.org/@tybys%2fwasm-util set size:undefined disposed:false
1438 http fetch GET 200 https://registry.npmjs.org/tslib 227ms (cache miss)
1439 silly packumentCache full:https://registry.npmjs.org/tslib set size:undefined disposed:false
1440 http fetch GET 200 https://registry.npmjs.org/tslib 249ms (cache miss)
1441 silly packumentCache full:https://registry.npmjs.org/tslib set size:undefined disposed:false
1442 silly placeDep ROOT @emnapi/wasi-threads@1.2.2 OK for: @emnapi/core@1.11.1 want: 1.2.2
1443 silly placeDep ROOT tslib@2.8.1 OK for: @emnapi/core@1.11.1 want: ^2.4.0
1444 silly placeDep ROOT @tybys/wasm-util@0.10.3 OK for: @napi-rs/wasm-runtime@1.1.6 want: ^0.10.3
1445 silly fetch manifest picomatch@^4.0.4
1446 silly packumentCache full:https://registry.npmjs.org/picomatch cache-hit
1447 silly placeDep ROOT fdir@6.5.0 OK for: tinyglobby@0.2.17 want: ^6.5.0
1448 silly fetch manifest msw@^2.4.9
1449 silly packumentCache full:https://registry.npmjs.org/msw cache-miss
1450 http fetch GET 200 https://registry.npmjs.org/msw 279ms (cache miss)
1451 silly packumentCache full:https://registry.npmjs.org/msw set size:undefined disposed:false
1452 silly fetch manifest typescript@>= 4.8.x
1453 silly packumentCache full:https://registry.npmjs.org/typescript cache-miss
1454 http cache https://registry.npmjs.org/typescript 32ms (cache hit)
1455 silly packumentCache full:https://registry.npmjs.org/typescript set size:15443961 disposed:false
1456 silly fetch manifest vite@^6.0.0 || ^7.0.0 || ^8.0.0
1457 silly packumentCache full:https://registry.npmjs.org/vite cache-miss
1458 http cache https://registry.npmjs.org/vite 65ms (cache hit)
1459 silly packumentCache full:https://registry.npmjs.org/vite set size:38907670 disposed:false
1460 silly fetch manifest @types/node@^20.0.0 || ^22.0.0 || >=24.0.0
1461 silly packumentCache full:https://registry.npmjs.org/@types%2fnode cache-miss
1462 http cache https://registry.npmjs.org/@types%2fnode 21ms (cache hit)
1463 silly packumentCache full:https://registry.npmjs.org/@types%2fnode set size:11080817 disposed:false
1464 silly placeDep ROOT @vitest/expect@4.1.10 OK for: vitest@4.1.10 want: 4.1.10
1465 silly placeDep ROOT @vitest/mocker@4.1.10 OK for: vitest@4.1.10 want: 4.1.10
1466 silly placeDep ROOT @vitest/pretty-format@4.1.10 OK for: vitest@4.1.10 want: 4.1.10
1467 silly placeDep ROOT @vitest/runner@4.1.10 OK for: vitest@4.1.10 want: 4.1.10
1468 silly placeDep ROOT @vitest/snapshot@4.1.10 OK for: vitest@4.1.10 want: 4.1.10
1469 silly placeDep ROOT @vitest/spy@4.1.10 OK for: vitest@4.1.10 want: 4.1.10
1470 silly placeDep ROOT @vitest/utils@4.1.10 OK for: vitest@4.1.10 want: 4.1.10
1471 silly placeDep ROOT es-module-lexer@2.3.1 OK for: vitest@4.1.10 want: ^2.0.0
1472 silly placeDep ROOT expect-type@1.4.0 OK for: vitest@4.1.10 want: ^1.3.0
1473 silly placeDep ROOT magic-string@0.30.21 OK for: vitest@4.1.10 want: ^0.30.21
1474 silly placeDep ROOT obug@2.1.3 OK for: vitest@4.1.10 want: ^2.1.1
1475 silly placeDep ROOT pathe@2.0.3 OK for: vitest@4.1.10 want: ^2.0.3
1476 silly placeDep ROOT std-env@4.2.0 OK for: vitest@4.1.10 want: ^4.0.0-rc.1
1477 silly placeDep ROOT tinybench@2.9.0 OK for: vitest@4.1.10 want: ^2.9.0
1478 silly placeDep ROOT tinyexec@1.2.4 OK for: vitest@4.1.10 want: ^1.0.2
1479 silly placeDep ROOT tinyrainbow@3.1.0 OK for: vitest@4.1.10 want: ^3.1.0
1480 silly placeDep ROOT why-is-node-running@2.3.0 OK for: vitest@4.1.10 want: ^2.3.0
1481 silly fetch manifest chai@^6.2.2
1482 silly packumentCache full:https://registry.npmjs.org/chai cache-miss
1483 silly fetch manifest @types/chai@^5.2.2
1484 silly packumentCache full:https://registry.npmjs.org/@types%2fchai cache-miss
1485 silly fetch manifest @standard-schema/spec@^1.1.0
1486 silly packumentCache full:https://registry.npmjs.org/@standard-schema%2fspec cache-miss
1487 silly fetch manifest estree-walker@^3.0.3
1488 silly packumentCache full:https://registry.npmjs.org/estree-walker cache-miss
1489 silly fetch manifest convert-source-map@^2.0.0
1490 silly packumentCache full:https://registry.npmjs.org/convert-source-map cache-miss
1491 silly fetch manifest @jridgewell/sourcemap-codec@^1.5.5
1492 silly packumentCache full:https://registry.npmjs.org/@jridgewell%2fsourcemap-codec cache-miss
1493 silly fetch manifest siginfo@^2.0.0
1494 silly packumentCache full:https://registry.npmjs.org/siginfo cache-miss
1495 silly fetch manifest stackback@0.0.2
1496 silly packumentCache full:https://registry.npmjs.org/stackback cache-miss
1497 http cache https://registry.npmjs.org/estree-walker 7ms (cache hit)
1498 silly packumentCache full:https://registry.npmjs.org/estree-walker set size:60887 disposed:false
1499 http fetch GET 200 https://registry.npmjs.org/convert-source-map 207ms (cache miss)
1500 silly packumentCache full:https://registry.npmjs.org/convert-source-map set size:undefined disposed:false
1501 http fetch GET 200 https://registry.npmjs.org/stackback 216ms (cache miss)
1502 silly packumentCache full:https://registry.npmjs.org/stackback set size:undefined disposed:false
1503 http fetch GET 200 https://registry.npmjs.org/siginfo 217ms (cache miss)
1504 silly packumentCache full:https://registry.npmjs.org/siginfo set size:undefined disposed:false
1505 http fetch GET 200 https://registry.npmjs.org/@standard-schema%2fspec 219ms (cache miss)
1506 silly packumentCache full:https://registry.npmjs.org/@standard-schema%2fspec set size:undefined disposed:false
1507 http fetch GET 200 https://registry.npmjs.org/@types%2fchai 222ms (cache miss)
1508 silly packumentCache full:https://registry.npmjs.org/@types%2fchai set size:undefined disposed:false
1509 http fetch GET 200 https://registry.npmjs.org/chai 244ms (cache miss)
1510 silly packumentCache full:https://registry.npmjs.org/chai set size:undefined disposed:false
1511 http fetch GET 200 https://registry.npmjs.org/@jridgewell%2fsourcemap-codec 245ms (cache miss)
1512 silly packumentCache full:https://registry.npmjs.org/@jridgewell%2fsourcemap-codec set size:undefined disposed:false
1513 silly placeDep ROOT @standard-schema/spec@1.1.0 OK for: @vitest/expect@4.1.10 want: ^1.1.0
1514 silly placeDep ROOT @types/chai@5.2.3 OK for: @vitest/expect@4.1.10 want: ^5.2.2
1515 silly placeDep ROOT chai@6.2.2 OK for: @vitest/expect@4.1.10 want: ^6.2.2
1516 silly fetch manifest @types/deep-eql@*
1517 silly packumentCache full:https://registry.npmjs.org/@types%2fdeep-eql cache-miss
1518 silly fetch manifest assertion-error@^2.0.1
1519 silly packumentCache full:https://registry.npmjs.org/assertion-error cache-miss
1520 http fetch GET 200 https://registry.npmjs.org/assertion-error 204ms (cache miss)
1521 silly packumentCache full:https://registry.npmjs.org/assertion-error set size:undefined disposed:false
1522 http fetch GET 200 https://registry.npmjs.org/@types%2fdeep-eql 208ms (cache miss)
1523 silly packumentCache full:https://registry.npmjs.org/@types%2fdeep-eql set size:undefined disposed:false
1524 silly placeDep ROOT @types/deep-eql@4.0.2 OK for: @types/chai@5.2.3 want: *
1525 silly placeDep ROOT assertion-error@2.0.1 OK for: @types/chai@5.2.3 want: ^2.0.1
1526 silly placeDep node_modules/@vitest/mocker estree-walker@3.0.3 OK for: @vitest/mocker@4.1.10 want: ^3.0.3
1527 silly fetch manifest @types/estree@^1.0.0
1528 silly packumentCache full:https://registry.npmjs.org/@types%2festree cache-miss
1529 http fetch GET 200 https://registry.npmjs.org/@types%2festree 222ms (cache miss)
1530 silly packumentCache full:https://registry.npmjs.org/@types%2festree set size:undefined disposed:false
1531 silly placeDep ROOT convert-source-map@2.0.0 OK for: @vitest/utils@4.1.10 want: ^2.0.0
1532 silly placeDep ROOT @jridgewell/sourcemap-codec@1.5.5 OK for: magic-string@0.30.21 want: ^1.5.5
1533 silly placeDep ROOT @vue/compiler-sfc@3.5.40 OK for: vue@3.5.40 want: 3.5.40
1534 silly placeDep ROOT @vue/runtime-dom@3.5.40 OK for: vue@3.5.40 want: 3.5.40
1535 silly placeDep ROOT @vue/server-renderer@3.5.40 OK for: vue@3.5.40 want: 3.5.40
1536 silly fetch manifest @vue/compiler-ssr@3.5.40
1537 silly packumentCache full:https://registry.npmjs.org/@vue%2fcompiler-ssr cache-miss
1538 silly fetch manifest csstype@^3.2.3
1539 silly packumentCache full:https://registry.npmjs.org/csstype cache-miss
1540 silly fetch manifest @vue/reactivity@3.5.40
1541 silly packumentCache full:https://registry.npmjs.org/@vue%2freactivity cache-miss
1542 silly fetch manifest @vue/runtime-core@3.5.40
1543 silly packumentCache full:https://registry.npmjs.org/@vue%2fruntime-core cache-miss
1544 silly fetch manifest @vue/compiler-ssr@3.5.40
1545 silly packumentCache full:https://registry.npmjs.org/@vue%2fcompiler-ssr cache-miss
1546 http fetch GET 200 https://registry.npmjs.org/csstype 245ms (cache miss)
1547 silly packumentCache full:https://registry.npmjs.org/csstype set size:undefined disposed:false
1548 http fetch GET 200 https://registry.npmjs.org/@vue%2fcompiler-ssr 268ms (cache miss)
1549 silly packumentCache full:https://registry.npmjs.org/@vue%2fcompiler-ssr set size:undefined disposed:false
1550 http fetch GET 200 https://registry.npmjs.org/@vue%2fcompiler-ssr 274ms (cache miss)
1551 silly packumentCache full:https://registry.npmjs.org/@vue%2fcompiler-ssr set size:undefined disposed:false
1552 http fetch GET 200 https://registry.npmjs.org/@vue%2freactivity 438ms (cache miss)
1553 silly packumentCache full:https://registry.npmjs.org/@vue%2freactivity set size:undefined disposed:false
1554 http fetch GET 200 https://registry.npmjs.org/@vue%2fruntime-core 483ms (cache miss)
1555 silly packumentCache full:https://registry.npmjs.org/@vue%2fruntime-core set size:undefined disposed:false
1556 silly placeDep ROOT @vue/compiler-ssr@3.5.40 OK for: @vue/compiler-sfc@3.5.40 want: 3.5.40
1557 silly placeDep ROOT @vue/reactivity@3.5.40 OK for: @vue/runtime-dom@3.5.40 want: 3.5.40
1558 silly placeDep ROOT @vue/runtime-core@3.5.40 OK for: @vue/runtime-dom@3.5.40 want: 3.5.40
1559 silly placeDep ROOT csstype@3.2.3 OK for: @vue/runtime-dom@3.5.40 want: ^3.2.3
1560 silly fetch manifest vue@^3.5.34 || ^4.0.0
1561 silly packumentCache full:https://registry.npmjs.org/vue cache-miss
1562 http cache https://registry.npmjs.org/vue 6ms (cache hit)
1563 silly packumentCache full:https://registry.npmjs.org/vue set size:2074570 disposed:false
1564 silly fetch manifest @farmfe/core@*
1565 silly packumentCache full:https://registry.npmjs.org/@farmfe%2fcore cache-miss
1566 http fetch GET 200 https://registry.npmjs.org/@farmfe%2fcore 282ms (cache miss)
1567 silly packumentCache full:https://registry.npmjs.org/@farmfe%2fcore set size:undefined disposed:false
1568 silly fetch manifest @rspack/core@*
1569 silly packumentCache full:https://registry.npmjs.org/@rspack%2fcore cache-miss
1570 http fetch GET 200 https://registry.npmjs.org/@rspack%2fcore 655ms (cache miss)
1571 silly packumentCache full:https://registry.npmjs.org/@rspack%2fcore set size:undefined disposed:false
1572 silly fetch manifest @module-federation/runtime-tools@^0.24.1 || ^2.0.0
1573 silly packumentCache full:https://registry.npmjs.org/@module-federation%2fruntime-tools cache-miss
1574 http fetch GET 200 https://registry.npmjs.org/@module-federation%2fruntime-tools 575ms (cache miss)
1575 silly packumentCache full:https://registry.npmjs.org/@module-federation%2fruntime-tools set size:undefined disposed:false
1576 silly fetch manifest @swc/helpers@^0.5.23
1577 silly packumentCache full:https://registry.npmjs.org/@swc%2fhelpers cache-miss
1578 http fetch GET 200 https://registry.npmjs.org/@swc%2fhelpers 260ms (cache miss)
1579 silly packumentCache full:https://registry.npmjs.org/@swc%2fhelpers set size:undefined disposed:false
1580 silly fetch manifest bun-types-no-globals@*
1581 silly packumentCache full:https://registry.npmjs.org/bun-types-no-globals cache-miss
1582 http fetch GET 200 https://registry.npmjs.org/bun-types-no-globals 274ms (cache miss)
1583 silly packumentCache full:https://registry.npmjs.org/bun-types-no-globals set size:undefined disposed:false
1584 silly fetch manifest esbuild@*
1585 silly packumentCache full:https://registry.npmjs.org/esbuild cache-miss
1586 http cache https://registry.npmjs.org/esbuild 5ms (cache hit)
1587 silly packumentCache full:https://registry.npmjs.org/esbuild set size:1259608 disposed:false
1588 silly fetch manifest rolldown@*
1589 silly packumentCache full:https://registry.npmjs.org/rolldown cache-miss
1590 http cache https://registry.npmjs.org/rolldown 7ms (cache hit)
1591 silly packumentCache full:https://registry.npmjs.org/rolldown set size:3761943 disposed:false
1592 silly fetch manifest rollup@*
1593 silly packumentCache full:https://registry.npmjs.org/rollup cache-miss
1594 http fetch GET 200 https://registry.npmjs.org/rollup 642ms (cache miss)
1595 silly packumentCache full:https://registry.npmjs.org/rollup set size:undefined disposed:false
1596 silly fetch manifest unloader@*
1597 silly packumentCache full:https://registry.npmjs.org/unloader cache-miss
1598 http fetch GET 200 https://registry.npmjs.org/unloader 273ms (cache miss)
1599 silly packumentCache full:https://registry.npmjs.org/unloader set size:undefined disposed:false
1600 silly fetch manifest vite@^7.3.0 || ^8.0.0
1601 silly packumentCache full:https://registry.npmjs.org/vite cache-miss
1602 http cache https://registry.npmjs.org/vite 62ms (cache hit)
1603 silly packumentCache full:https://registry.npmjs.org/vite set size:38907670 disposed:false
1604 silly fetch manifest @types/node@^20.19.0 || >=22.12.0
1605 silly packumentCache full:https://registry.npmjs.org/@types%2fnode cache-miss
1606 http cache https://registry.npmjs.org/@types%2fnode 23ms (cache hit)
1607 silly packumentCache full:https://registry.npmjs.org/@types%2fnode set size:11080817 disposed:false
1608 silly fetch manifest webpack@*
1609 silly packumentCache full:https://registry.npmjs.org/webpack cache-miss
1610 http fetch GET 200 https://registry.npmjs.org/webpack 694ms (cache miss)
1611 silly packumentCache full:https://registry.npmjs.org/webpack set size:undefined disposed:false
1612 silly placeDep ROOT @babel/generator@8.0.0 OK for: vue-router@5.2.0 want: ^8.0.0
1613 silly placeDep ROOT @vue-macros/common@3.1.3 OK for: vue-router@5.2.0 want: ^3.1.3
1614 silly placeDep ROOT ast-walker-scope@0.9.0 OK for: vue-router@5.2.0 want: ^0.9.0
1615 silly placeDep ROOT chokidar@5.0.0 OK for: vue-router@5.2.0 want: ^5.0.0
1616 silly placeDep ROOT json5@2.2.3 OK for: vue-router@5.2.0 want: ^2.2.3
1617 silly placeDep ROOT local-pkg@1.2.1 OK for: vue-router@5.2.0 want: ^1.2.1
1618 silly placeDep ROOT mlly@1.8.2 OK for: vue-router@5.2.0 want: ^1.8.2
1619 silly placeDep ROOT muggle-string@0.4.1 OK for: vue-router@5.2.0 want: ^0.4.1
1620 silly placeDep ROOT scule@1.3.0 OK for: vue-router@5.2.0 want: ^1.3.0
1621 silly placeDep ROOT unplugin@3.3.0 OK for: vue-router@5.2.0 want: ^3.3.0
1622 silly placeDep ROOT unplugin-utils@0.3.2 OK for: vue-router@5.2.0 want: ^0.3.2
1623 silly placeDep ROOT yaml@2.9.0 OK for: vue-router@5.2.0 want: ^2.9.0
1624 silly fetch manifest jsesc@^3.0.2
1625 silly packumentCache full:https://registry.npmjs.org/jsesc cache-miss
1626 silly fetch manifest @babel/types@^8.0.0
1627 silly packumentCache full:https://registry.npmjs.org/@babel%2ftypes cache-miss
1628 silly fetch manifest @types/jsesc@^2.5.0
1629 silly packumentCache full:https://registry.npmjs.org/@types%2fjsesc cache-miss
1630 silly fetch manifest @babel/parser@^8.0.0
1631 silly packumentCache full:https://registry.npmjs.org/@babel%2fparser cache-miss
1632 silly fetch manifest @jridgewell/gen-mapping@^0.3.12
1633 silly packumentCache full:https://registry.npmjs.org/@jridgewell%2fgen-mapping cache-miss
1634 silly fetch manifest @jridgewell/trace-mapping@^0.3.28
1635 silly packumentCache full:https://registry.npmjs.org/@jridgewell%2ftrace-mapping cache-miss
1636 silly fetch manifest ast-kit@^2.1.2
1637 silly packumentCache full:https://registry.npmjs.org/ast-kit cache-miss
1638 silly fetch manifest local-pkg@^1.1.2
1639 silly packumentCache full:https://registry.npmjs.org/local-pkg cache-miss
1640 silly fetch manifest magic-string-ast@^1.0.2
1641 silly packumentCache full:https://registry.npmjs.org/magic-string-ast cache-miss
1642 silly fetch manifest unplugin-utils@^0.3.0
1643 silly packumentCache full:https://registry.npmjs.org/unplugin-utils cache-miss
1644 silly fetch manifest ast-kit@^2.2.0
1645 silly packumentCache full:https://registry.npmjs.org/ast-kit cache-miss
1646 silly fetch manifest readdirp@^5.0.0
1647 silly packumentCache full:https://registry.npmjs.org/readdirp cache-miss
1648 silly fetch manifest mlly@^1.7.4
1649 silly packumentCache full:https://registry.npmjs.org/mlly cache-miss
1650 silly fetch manifest pkg-types@^2.3.0
1651 silly packumentCache full:https://registry.npmjs.org/pkg-types cache-miss
1652 silly fetch manifest quansync@^0.2.11
1653 silly packumentCache full:https://registry.npmjs.org/quansync cache-miss
1654 http cache https://registry.npmjs.org/@babel%2ftypes 12ms (cache hit)
1655 silly packumentCache full:https://registry.npmjs.org/@babel%2ftypes set size:500625 disposed:false
1656 silly fetch manifest acorn@^8.16.0
1657 silly packumentCache full:https://registry.npmjs.org/acorn cache-miss
1658 http cache https://registry.npmjs.org/@babel%2fparser 16ms (cache hit)
1659 silly packumentCache full:https://registry.npmjs.org/@babel%2fparser set size:735431 disposed:false
1660 silly fetch manifest pkg-types@^1.3.1
1661 silly packumentCache full:https://registry.npmjs.org/pkg-types cache-miss
1662 http cache https://registry.npmjs.org/local-pkg 19ms (cache hit)
1663 silly packumentCache full:https://registry.npmjs.org/local-pkg set size:42521 disposed:false
1664 silly fetch manifest ufo@^1.6.3
1665 silly packumentCache full:https://registry.npmjs.org/ufo cache-miss
1666 http cache https://registry.npmjs.org/mlly 20ms (cache hit)
1667 silly packumentCache full:https://registry.npmjs.org/mlly set size:209209 disposed:false
1668 silly fetch manifest @jridgewell/remapping@^2.3.5
1669 silly packumentCache full:https://registry.npmjs.org/@jridgewell%2fremapping cache-miss
1670 http cache https://registry.npmjs.org/unplugin-utils 24ms (cache hit)
1671 silly packumentCache full:https://registry.npmjs.org/unplugin-utils set size:26075 disposed:false
1672 silly fetch manifest webpack-virtual-modules@^0.6.2
1673 silly packumentCache full:https://registry.npmjs.org/webpack-virtual-modules cache-miss
1674 http fetch GET 200 https://registry.npmjs.org/jsesc 207ms (cache miss)
1675 silly packumentCache full:https://registry.npmjs.org/jsesc set size:undefined disposed:false
1676 http fetch GET 200 https://registry.npmjs.org/pkg-types 218ms (cache miss)
1677 silly packumentCache full:https://registry.npmjs.org/pkg-types set size:undefined disposed:false
1678 http fetch GET 200 https://registry.npmjs.org/magic-string-ast 220ms (cache miss)
1679 silly packumentCache full:https://registry.npmjs.org/magic-string-ast set size:undefined disposed:false
1680 http fetch GET 200 https://registry.npmjs.org/ast-kit 223ms (cache miss)
1681 silly packumentCache full:https://registry.npmjs.org/ast-kit set size:undefined disposed:false
1682 http fetch GET 200 https://registry.npmjs.org/@types%2fjsesc 227ms (cache miss)
1683 silly packumentCache full:https://registry.npmjs.org/@types%2fjsesc set size:undefined disposed:false
1684 http fetch GET 200 https://registry.npmjs.org/readdirp 227ms (cache miss)
1685 silly packumentCache full:https://registry.npmjs.org/readdirp set size:undefined disposed:false
1686 http fetch GET 200 https://registry.npmjs.org/quansync 231ms (cache miss)
1687 silly packumentCache full:https://registry.npmjs.org/quansync set size:undefined disposed:false
1688 http fetch GET 200 https://registry.npmjs.org/@jridgewell%2fgen-mapping 234ms (cache miss)
1689 silly packumentCache full:https://registry.npmjs.org/@jridgewell%2fgen-mapping set size:undefined disposed:false
1690 http fetch GET 200 https://registry.npmjs.org/@jridgewell%2ftrace-mapping 236ms (cache miss)
1691 silly packumentCache full:https://registry.npmjs.org/@jridgewell%2ftrace-mapping set size:undefined disposed:false
1692 http fetch GET 200 https://registry.npmjs.org/acorn 227ms (cache miss)
1693 silly packumentCache full:https://registry.npmjs.org/acorn set size:undefined disposed:false
1694 http fetch GET 200 https://registry.npmjs.org/ast-kit 243ms (cache miss)
1695 silly packumentCache full:https://registry.npmjs.org/ast-kit set size:undefined disposed:false
1696 http fetch GET 200 https://registry.npmjs.org/webpack-virtual-modules 221ms (cache miss)
1697 silly packumentCache full:https://registry.npmjs.org/webpack-virtual-modules set size:undefined disposed:false
1698 http fetch GET 200 https://registry.npmjs.org/pkg-types 229ms (cache miss)
1699 silly packumentCache full:https://registry.npmjs.org/pkg-types set size:undefined disposed:false
1700 http fetch GET 200 https://registry.npmjs.org/ufo 230ms (cache miss)
1701 silly packumentCache full:https://registry.npmjs.org/ufo set size:undefined disposed:false
1702 http fetch GET 200 https://registry.npmjs.org/@jridgewell%2fremapping 229ms (cache miss)
1703 silly packumentCache full:https://registry.npmjs.org/@jridgewell%2fremapping set size:undefined disposed:false
1704 silly placeDep node_modules/@babel/generator @babel/parser@8.0.4 OK for: @babel/generator@8.0.0 want: ^8.0.0
1705 silly placeDep node_modules/@babel/generator @babel/types@8.0.4 OK for: @babel/generator@8.0.0 want: ^8.0.0
1706 silly placeDep ROOT @jridgewell/gen-mapping@0.3.13 OK for: @babel/generator@8.0.0 want: ^0.3.12
1707 silly placeDep ROOT @jridgewell/trace-mapping@0.3.31 OK for: @babel/generator@8.0.0 want: ^0.3.28
1708 silly placeDep ROOT @types/jsesc@2.5.1 OK for: @babel/generator@8.0.0 want: ^2.5.0
1709 silly placeDep ROOT jsesc@3.1.0 OK for: @babel/generator@8.0.0 want: ^3.0.2
1710 silly fetch manifest @babel/types@^8.0.4
1711 silly packumentCache full:https://registry.npmjs.org/@babel%2ftypes cache-hit
1712 silly fetch manifest @babel/helper-string-parser@^8.0.0
1713 silly packumentCache full:https://registry.npmjs.org/@babel%2fhelper-string-parser cache-miss
1714 silly fetch manifest @babel/helper-validator-identifier@^8.0.4
1715 silly packumentCache full:https://registry.npmjs.org/@babel%2fhelper-validator-identifier cache-miss
1716 silly fetch manifest @jridgewell/trace-mapping@^0.3.24
1717 silly packumentCache full:https://registry.npmjs.org/@jridgewell%2ftrace-mapping cache-miss
1718 silly fetch manifest @jridgewell/resolve-uri@^3.1.0
1719 silly packumentCache full:https://registry.npmjs.org/@jridgewell%2fresolve-uri cache-miss
1720 http cache https://registry.npmjs.org/@babel%2fhelper-string-parser 4ms (cache hit)
1721 silly packumentCache full:https://registry.npmjs.org/@babel%2fhelper-string-parser set size:91563 disposed:false
1722 http cache https://registry.npmjs.org/@jridgewell%2ftrace-mapping 5ms (cache hit)
1723 silly packumentCache full:https://registry.npmjs.org/@jridgewell%2ftrace-mapping set size:170909 disposed:false
1724 http cache https://registry.npmjs.org/@babel%2fhelper-validator-identifier 6ms (cache hit)
1725 silly packumentCache full:https://registry.npmjs.org/@babel%2fhelper-validator-identifier set size:130133 disposed:false
1726 http fetch GET 200 https://registry.npmjs.org/@jridgewell%2fresolve-uri 248ms (cache miss)
1727 silly packumentCache full:https://registry.npmjs.org/@jridgewell%2fresolve-uri set size:undefined disposed:false
1728 silly placeDep ROOT @jridgewell/resolve-uri@3.1.2 OK for: @jridgewell/trace-mapping@0.3.31 want: ^3.1.0
1729 silly placeDep ROOT ast-kit@2.2.0 OK for: @vue-macros/common@3.1.3 want: ^2.1.2
1730 silly placeDep ROOT magic-string-ast@1.0.3 OK for: @vue-macros/common@3.1.3 want: ^1.0.2
1731 silly placeDep ROOT readdirp@5.0.0 OK for: chokidar@5.0.0 want: ^5.0.0
1732 silly placeDep ROOT pkg-types@2.3.1 OK for: local-pkg@1.2.1 want: ^2.3.0
1733 silly placeDep ROOT quansync@0.2.11 OK for: local-pkg@1.2.1 want: ^0.2.11
1734 silly fetch manifest confbox@^0.2.4
1735 silly packumentCache full:https://registry.npmjs.org/confbox cache-miss
1736 silly fetch manifest exsolve@^1.0.8
1737 silly packumentCache full:https://registry.npmjs.org/exsolve cache-miss
1738 http fetch GET 200 https://registry.npmjs.org/confbox 204ms (cache miss)
1739 silly packumentCache full:https://registry.npmjs.org/confbox set size:undefined disposed:false
1740 http fetch GET 200 https://registry.npmjs.org/exsolve 206ms (cache miss)
1741 silly packumentCache full:https://registry.npmjs.org/exsolve set size:undefined disposed:false
1742 silly placeDep ROOT acorn@8.17.0 OK for: mlly@1.8.2 want: ^8.16.0
1743 silly placeDep node_modules/mlly pkg-types@1.3.1 OK for: mlly@1.8.2 want: ^1.3.1
1744 silly placeDep ROOT ufo@1.6.4 OK for: mlly@1.8.2 want: ^1.6.3
1745 silly fetch manifest confbox@^0.1.8
1746 silly packumentCache full:https://registry.npmjs.org/confbox cache-miss
1747 http cache https://registry.npmjs.org/confbox 2ms (cache hit)
1748 silly packumentCache full:https://registry.npmjs.org/confbox set size:44789 disposed:false
1749 silly placeDep ROOT confbox@0.2.4 OK for: pkg-types@2.3.1 want: ^0.2.4
1750 silly placeDep ROOT exsolve@1.1.0 OK for: pkg-types@2.3.1 want: ^1.0.8
1751 silly placeDep ROOT @jridgewell/remapping@2.3.5 OK for: unplugin@3.3.0 want: ^2.3.5
1752 silly placeDep ROOT webpack-virtual-modules@0.6.2 OK for: unplugin@3.3.0 want: ^0.6.2
1753 silly placeDep ROOT @volar/typescript@2.4.28 OK for: vue-tsc@3.3.7 want: 2.4.28
1754 silly placeDep ROOT @vue/language-core@3.3.7 OK for: vue-tsc@3.3.7 want: 3.3.7
1755 silly fetch manifest @volar/language-core@2.4.28
1756 silly packumentCache full:https://registry.npmjs.org/@volar%2flanguage-core cache-miss
1757 silly fetch manifest path-browserify@^1.0.1
1758 silly packumentCache full:https://registry.npmjs.org/path-browserify cache-miss
1759 silly fetch manifest vscode-uri@^3.0.8
1760 silly packumentCache full:https://registry.npmjs.org/vscode-uri cache-miss
1761 silly fetch manifest @volar/language-core@2.4.28
1762 silly packumentCache full:https://registry.npmjs.org/@volar%2flanguage-core cache-miss
1763 silly fetch manifest alien-signals@^3.2.1
1764 silly packumentCache full:https://registry.npmjs.org/alien-signals cache-miss
1765 silly fetch manifest path-browserify@^1.0.1
1766 silly packumentCache full:https://registry.npmjs.org/path-browserify cache-miss
1767 http fetch GET 200 https://registry.npmjs.org/@volar%2flanguage-core 277ms (cache miss)
1768 silly packumentCache full:https://registry.npmjs.org/@volar%2flanguage-core set size:undefined disposed:false
1769 http fetch GET 200 https://registry.npmjs.org/@volar%2flanguage-core 284ms (cache miss)
1770 silly packumentCache full:https://registry.npmjs.org/@volar%2flanguage-core set size:undefined disposed:false
1771 http fetch GET 200 https://registry.npmjs.org/path-browserify 1006ms (cache miss)
1772 silly packumentCache full:https://registry.npmjs.org/path-browserify set size:undefined disposed:false
1773 http fetch GET 200 https://registry.npmjs.org/path-browserify 1005ms (cache miss)
1774 silly packumentCache full:https://registry.npmjs.org/path-browserify set size:undefined disposed:false
1775 http fetch GET 200 https://registry.npmjs.org/vscode-uri 1377ms (cache miss)
1776 silly packumentCache full:https://registry.npmjs.org/vscode-uri set size:undefined disposed:false
1777 http fetch GET 200 https://registry.npmjs.org/alien-signals 1379ms (cache miss)
1778 silly packumentCache full:https://registry.npmjs.org/alien-signals set size:undefined disposed:false
1779 silly placeDep ROOT @volar/language-core@2.4.28 OK for: @volar/typescript@2.4.28 want: 2.4.28
1780 silly placeDep ROOT path-browserify@1.0.1 OK for: @volar/typescript@2.4.28 want: ^1.0.1
1781 silly placeDep ROOT vscode-uri@3.1.0 OK for: @volar/typescript@2.4.28 want: ^3.0.8
1782 silly fetch manifest @volar/source-map@2.4.28
1783 silly packumentCache full:https://registry.npmjs.org/@volar%2fsource-map cache-miss
1784 http fetch GET 200 https://registry.npmjs.org/@volar%2fsource-map 246ms (cache miss)
1785 silly packumentCache full:https://registry.npmjs.org/@volar%2fsource-map set size:undefined disposed:false
1786 silly placeDep ROOT @volar/source-map@2.4.28 OK for: @volar/language-core@2.4.28 want: 2.4.28
1787 silly placeDep ROOT alien-signals@3.2.1 OK for: @vue/language-core@3.3.7 want: ^3.2.1
1788 silly placeDep ROOT tr46@6.0.0 OK for: whatwg-url@16.0.1 want: ^6.0.0
1789 silly fetch manifest punycode@^2.3.1
1790 silly packumentCache full:https://registry.npmjs.org/punycode cache-miss
1791 http fetch GET 200 https://registry.npmjs.org/punycode 208ms (cache miss)
1792 silly packumentCache full:https://registry.npmjs.org/punycode set size:undefined disposed:false
1793 silly placeDep ROOT punycode@2.3.1 OK for: tr46@6.0.0 want: ^2.3.1
1794 silly placeDep ROOT isexe@2.0.0 OK for: which@2.0.2 want: ^2.0.0
1795 silly placeDep ROOT siginfo@2.0.0 OK for: why-is-node-running@2.3.0 want: ^2.0.0
1796 silly placeDep ROOT stackback@0.0.2 OK for: why-is-node-running@2.3.0 want: 0.0.2
1797 silly placeDep ROOT ansi-styles@6.2.3 OK for: wrap-ansi@8.1.0 want: ^6.1.0
1798 silly placeDep node_modules/wrap-ansi-cjs ansi-styles@4.3.0 OK for: wrap-ansi@7.0.0 want: ^4.0.0
1799 silly placeDep node_modules/wrap-ansi-cjs string-width@4.2.3 OK for: wrap-ansi@7.0.0 want: ^4.1.0
1800 silly placeDep node_modules/wrap-ansi-cjs strip-ansi@6.0.1 OK for: wrap-ansi@7.0.0 want: ^6.0.0
1801 silly fetch manifest color-convert@^2.0.1
1802 silly packumentCache full:https://registry.npmjs.org/color-convert cache-miss
1803 http fetch GET 200 https://registry.npmjs.org/color-convert 276ms (cache miss)
1804 silly packumentCache full:https://registry.npmjs.org/color-convert set size:undefined disposed:false
1805 silly placeDep node_modules/@babel/generator @babel/helper-string-parser@8.0.0 OK for: @babel/types@8.0.4 want: ^8.0.0
1806 silly placeDep node_modules/@babel/generator @babel/helper-validator-identifier@8.0.4 OK for: @babel/types@8.0.4 want: ^8.0.4
1807 silly placeDep ROOT @types/estree@1.0.9 OK for: estree-walker@3.0.3 want: ^1.0.0
1808 silly placeDep node_modules/mlly confbox@0.1.8 OK for: pkg-types@1.3.1 want: ^0.1.8
1809 silly placeDep node_modules/string-width-cjs ansi-regex@5.0.1 OK for: strip-ansi@6.0.1 want: ^5.0.1
1810 silly placeDep ROOT color-convert@2.0.1 OK for: ansi-styles@4.3.0 want: ^2.0.1
1811 silly fetch manifest color-name@~1.1.4
1812 silly packumentCache full:https://registry.npmjs.org/color-name cache-miss
1813 http fetch GET 200 https://registry.npmjs.org/color-name 215ms (cache miss)
1814 silly packumentCache full:https://registry.npmjs.org/color-name set size:undefined disposed:false
1815 silly placeDep ROOT color-name@1.1.4 OK for: color-convert@2.0.1 want: ~1.1.4
1816 silly placeDep node_modules/wrap-ansi-cjs emoji-regex@8.0.0 OK for: string-width@4.2.3 want: ^8.0.0
1817 silly placeDep node_modules/wrap-ansi-cjs ansi-regex@5.0.1 OK for: strip-ansi@6.0.1 want: ^5.0.1
1818 silly reify moves {}
1819 http cache color-name@https://registry.npmjs.org/color-name/-/color-name-1.1.4.tgz 1ms (cache hit)
1820 http cache @types/estree@https://registry.npmjs.org/@types/estree/-/estree-1.0.9.tgz 0ms (cache hit)
1821 http cache ansi-styles@https://registry.npmjs.org/ansi-styles/-/ansi-styles-6.2.3.tgz 0ms (cache hit)
1822 http cache color-convert@https://registry.npmjs.org/color-convert/-/color-convert-2.0.1.tgz 0ms (cache hit)
1823 http cache stackback@https://registry.npmjs.org/stackback/-/stackback-0.0.2.tgz 0ms (cache hit)
1824 http cache siginfo@https://registry.npmjs.org/siginfo/-/siginfo-2.0.0.tgz 0ms (cache hit)
1825 http cache isexe@https://registry.npmjs.org/isexe/-/isexe-2.0.0.tgz 0ms (cache hit)
1826 http cache tr46@https://registry.npmjs.org/tr46/-/tr46-6.0.0.tgz 0ms (cache hit)
1827 http cache @volar/language-core@https://registry.npmjs.org/@volar/language-core/-/language-core-2.4.28.tgz 0ms (cache hit)
1828 http cache @volar/source-map@https://registry.npmjs.org/@volar/source-map/-/source-map-2.4.28.tgz 0ms (cache hit)
1829 http cache @volar/typescript@https://registry.npmjs.org/@volar/typescript/-/typescript-2.4.28.tgz 0ms (cache hit)
1830 http cache punycode@https://registry.npmjs.org/punycode/-/punycode-2.3.1.tgz 0ms (cache hit)
1831 http cache alien-signals@https://registry.npmjs.org/alien-signals/-/alien-signals-3.2.1.tgz 0ms (cache hit)
1832 http cache vscode-uri@https://registry.npmjs.org/vscode-uri/-/vscode-uri-3.1.0.tgz 0ms (cache hit)
1833 http cache webpack-virtual-modules@https://registry.npmjs.org/webpack-virtual-modules/-/webpack-virtual-modules-0.6.2.tgz 0ms (cache hit)
1834 http cache path-browserify@https://registry.npmjs.org/path-browserify/-/path-browserify-1.0.1.tgz 0ms (cache hit)
1835 http cache @jridgewell/remapping@https://registry.npmjs.org/@jridgewell/remapping/-/remapping-2.3.5.tgz 0ms (cache hit)
1836 http cache exsolve@https://registry.npmjs.org/exsolve/-/exsolve-1.1.0.tgz 0ms (cache hit)
1837 http cache confbox@https://registry.npmjs.org/confbox/-/confbox-0.2.4.tgz 0ms (cache hit)
1838 http cache ufo@https://registry.npmjs.org/ufo/-/ufo-1.6.4.tgz 0ms (cache hit)
1839 http cache @vue/language-core@https://registry.npmjs.org/@vue/language-core/-/language-core-3.3.7.tgz 0ms (cache hit)
1840 http cache acorn@https://registry.npmjs.org/acorn/-/acorn-8.17.0.tgz 0ms (cache hit)
1841 http cache pkg-types@https://registry.npmjs.org/pkg-types/-/pkg-types-2.3.1.tgz 0ms (cache hit)
1842 http cache ast-kit@https://registry.npmjs.org/ast-kit/-/ast-kit-2.2.0.tgz 0ms (cache hit)
1843 http cache magic-string-ast@https://registry.npmjs.org/magic-string-ast/-/magic-string-ast-1.0.3.tgz 0ms (cache hit)
1844 http cache @jridgewell/resolve-uri@https://registry.npmjs.org/@jridgewell/resolve-uri/-/resolve-uri-3.1.2.tgz 0ms (cache hit)
1845 http cache jsesc@https://registry.npmjs.org/jsesc/-/jsesc-3.1.0.tgz 0ms (cache hit)
1846 http cache @jridgewell/trace-mapping@https://registry.npmjs.org/@jridgewell/trace-mapping/-/trace-mapping-0.3.31.tgz 0ms (cache hit)
1847 http cache readdirp@https://registry.npmjs.org/readdirp/-/readdirp-5.0.0.tgz 0ms (cache hit)
1848 http cache @jridgewell/gen-mapping@https://registry.npmjs.org/@jridgewell/gen-mapping/-/gen-mapping-0.3.13.tgz 0ms (cache hit)
1849 http cache quansync@https://registry.npmjs.org/quansync/-/quansync-0.2.11.tgz 0ms (cache hit)
1850 http cache @types/jsesc@https://registry.npmjs.org/@types/jsesc/-/jsesc-2.5.1.tgz 0ms (cache hit)
1851 http cache yaml@https://registry.npmjs.org/yaml/-/yaml-2.9.0.tgz 0ms (cache hit)
1852 http cache unplugin@https://registry.npmjs.org/unplugin/-/unplugin-3.3.0.tgz 0ms (cache hit)
1853 http cache unplugin-utils@https://registry.npmjs.org/unplugin-utils/-/unplugin-utils-0.3.2.tgz 0ms (cache hit)
1854 http cache scule@https://registry.npmjs.org/scule/-/scule-1.3.0.tgz 0ms (cache hit)
1855 http cache local-pkg@https://registry.npmjs.org/local-pkg/-/local-pkg-1.2.1.tgz 0ms (cache hit)
1856 http cache mlly@https://registry.npmjs.org/mlly/-/mlly-1.8.2.tgz 0ms (cache hit)
1857 http cache muggle-string@https://registry.npmjs.org/muggle-string/-/muggle-string-0.4.1.tgz 0ms (cache hit)
1858 http cache json5@https://registry.npmjs.org/json5/-/json5-2.2.3.tgz 0ms (cache hit)
1859 http cache chokidar@https://registry.npmjs.org/chokidar/-/chokidar-5.0.0.tgz 0ms (cache hit)
1860 http cache ast-walker-scope@https://registry.npmjs.org/ast-walker-scope/-/ast-walker-scope-0.9.0.tgz 0ms (cache hit)
1861 http cache @babel/generator@https://registry.npmjs.org/@babel/generator/-/generator-8.0.0.tgz 0ms (cache hit)
1862 http cache @vue/runtime-core@https://registry.npmjs.org/@vue/runtime-core/-/runtime-core-3.5.40.tgz 0ms (cache hit)
1863 http cache @vue/reactivity@https://registry.npmjs.org/@vue/reactivity/-/reactivity-3.5.40.tgz 0ms (cache hit)
1864 http cache @vue-macros/common@https://registry.npmjs.org/@vue-macros/common/-/common-3.1.3.tgz 0ms (cache hit)
1865 http cache csstype@https://registry.npmjs.org/csstype/-/csstype-3.2.3.tgz 0ms (cache hit)
1866 http cache @vue/compiler-ssr@https://registry.npmjs.org/@vue/compiler-ssr/-/compiler-ssr-3.5.40.tgz 0ms (cache hit)
1867 http cache @jridgewell/sourcemap-codec@https://registry.npmjs.org/@jridgewell/sourcemap-codec/-/sourcemap-codec-1.5.5.tgz 0ms (cache hit)
1868 http cache @vue/runtime-dom@https://registry.npmjs.org/@vue/runtime-dom/-/runtime-dom-3.5.40.tgz 0ms (cache hit)
1869 http cache @vue/compiler-sfc@https://registry.npmjs.org/@vue/compiler-sfc/-/compiler-sfc-3.5.40.tgz 0ms (cache hit)
1870 http cache convert-source-map@https://registry.npmjs.org/convert-source-map/-/convert-source-map-2.0.0.tgz 0ms (cache hit)
1871 http cache @vue/server-renderer@https://registry.npmjs.org/@vue/server-renderer/-/server-renderer-3.5.40.tgz 0ms (cache hit)
1872 http cache @standard-schema/spec@https://registry.npmjs.org/@standard-schema/spec/-/spec-1.1.0.tgz 0ms (cache hit)
1873 http cache @types/deep-eql@https://registry.npmjs.org/@types/deep-eql/-/deep-eql-4.0.2.tgz 0ms (cache hit)
1874 http cache @types/chai@https://registry.npmjs.org/@types/chai/-/chai-5.2.3.tgz 0ms (cache hit)
1875 http cache assertion-error@https://registry.npmjs.org/assertion-error/-/assertion-error-2.0.1.tgz 0ms (cache hit)
1876 http cache chai@https://registry.npmjs.org/chai/-/chai-6.2.2.tgz 0ms (cache hit)
1877 http cache why-is-node-running@https://registry.npmjs.org/why-is-node-running/-/why-is-node-running-2.3.0.tgz 0ms (cache hit)
1878 http cache tinyrainbow@https://registry.npmjs.org/tinyrainbow/-/tinyrainbow-3.1.0.tgz 0ms (cache hit)
1879 http cache tinyexec@https://registry.npmjs.org/tinyexec/-/tinyexec-1.2.4.tgz 0ms (cache hit)
1880 http cache tinybench@https://registry.npmjs.org/tinybench/-/tinybench-2.9.0.tgz 0ms (cache hit)
1881 http cache pathe@https://registry.npmjs.org/pathe/-/pathe-2.0.3.tgz 0ms (cache hit)
1882 http cache magic-string@https://registry.npmjs.org/magic-string/-/magic-string-0.30.21.tgz 0ms (cache hit)
1883 http cache std-env@https://registry.npmjs.org/std-env/-/std-env-4.2.0.tgz 0ms (cache hit)
1884 http cache obug@https://registry.npmjs.org/obug/-/obug-2.1.3.tgz 0ms (cache hit)
1885 http cache es-module-lexer@https://registry.npmjs.org/es-module-lexer/-/es-module-lexer-2.3.1.tgz 0ms (cache hit)
1886 http cache expect-type@https://registry.npmjs.org/expect-type/-/expect-type-1.4.0.tgz 0ms (cache hit)
1887 http cache @vitest/utils@https://registry.npmjs.org/@vitest/utils/-/utils-4.1.10.tgz 0ms (cache hit)
1888 http cache @vitest/snapshot@https://registry.npmjs.org/@vitest/snapshot/-/snapshot-4.1.10.tgz 0ms (cache hit)
1889 http cache @vitest/pretty-format@https://registry.npmjs.org/@vitest/pretty-format/-/pretty-format-4.1.10.tgz 0ms (cache hit)
1890 http cache @vitest/expect@https://registry.npmjs.org/@vitest/expect/-/expect-4.1.10.tgz 0ms (cache hit)
1891 http cache @vitest/runner@https://registry.npmjs.org/@vitest/runner/-/runner-4.1.10.tgz 0ms (cache hit)
1892 http cache @vitest/spy@https://registry.npmjs.org/@vitest/spy/-/spy-4.1.10.tgz 0ms (cache hit)
1893 http cache @rolldown/binding-win32-x64-msvc@https://registry.npmjs.org/@rolldown/binding-win32-x64-msvc/-/binding-win32-x64-msvc-1.1.5.tgz 0ms (cache hit)
1894 http cache picocolors@https://registry.npmjs.org/picocolors/-/picocolors-1.1.1.tgz 0ms (cache hit)
1895 http cache @oxc-project/types@https://registry.npmjs.org/@oxc-project/types/-/types-0.139.0.tgz 0ms (cache hit)
1896 http cache @vitest/mocker@https://registry.npmjs.org/@vitest/mocker/-/mocker-4.1.10.tgz 0ms (cache hit)
1897 http cache lightningcss-win32-x64-msvc@https://registry.npmjs.org/lightningcss-win32-x64-msvc/-/lightningcss-win32-x64-msvc-1.32.0.tgz 0ms (cache hit)
1898 http cache detect-libc@https://registry.npmjs.org/detect-libc/-/detect-libc-2.1.2.tgz 0ms (cache hit)
1899 http cache nanoid@https://registry.npmjs.org/nanoid/-/nanoid-3.3.16.tgz 0ms (cache hit)
1900 http cache tinyglobby@https://registry.npmjs.org/tinyglobby/-/tinyglobby-0.2.17.tgz 0ms (cache hit)
1901 http cache fdir@https://registry.npmjs.org/fdir/-/fdir-6.5.0.tgz 0ms (cache hit)
1902 http cache rolldown@https://registry.npmjs.org/rolldown/-/rolldown-1.1.5.tgz 0ms (cache hit)
1903 http cache postcss@https://registry.npmjs.org/postcss/-/postcss-8.5.19.tgz 0ms (cache hit)
1904 http cache @typescript/typescript-win32-x64@https://registry.npmjs.org/@typescript/typescript-win32-x64/-/typescript-win32-x64-7.0.2.tgz 0ms (cache hit)
1905 http cache tldts-core@https://registry.npmjs.org/tldts-core/-/tldts-core-7.4.9.tgz 0ms (cache hit)
1906 http cache lightningcss@https://registry.npmjs.org/lightningcss/-/lightningcss-1.32.0.tgz 0ms (cache hit)
1907 http cache ansi-regex@https://registry.npmjs.org/ansi-regex/-/ansi-regex-6.2.2.tgz 0ms (cache hit)
1908 http cache is-fullwidth-code-point@https://registry.npmjs.org/is-fullwidth-code-point/-/is-fullwidth-code-point-3.0.0.tgz 0ms (cache hit)
1909 http cache tldts@https://registry.npmjs.org/tldts/-/tldts-7.4.9.tgz 0ms (cache hit)
1910 http cache emoji-regex@https://registry.npmjs.org/emoji-regex/-/emoji-regex-9.2.2.tgz 0ms (cache hit)
1911 http cache picomatch@https://registry.npmjs.org/picomatch/-/picomatch-4.0.5.tgz 0ms (cache hit)
1912 http cache eastasianwidth@https://registry.npmjs.org/eastasianwidth/-/eastasianwidth-0.2.0.tgz 0ms (cache hit)
1913 http cache xmlchars@https://registry.npmjs.org/xmlchars/-/xmlchars-2.2.0.tgz 0ms (cache hit)
1914 http cache shebang-regex@https://registry.npmjs.org/shebang-regex/-/shebang-regex-3.0.0.tgz 0ms (cache hit)
1915 http cache brace-expansion@https://registry.npmjs.org/brace-expansion/-/brace-expansion-2.1.2.tgz 0ms (cache hit)
1916 http cache nostics@https://registry.npmjs.org/nostics/-/nostics-1.1.4.tgz 0ms (cache hit)
1917 http cache abbrev@https://registry.npmjs.org/abbrev/-/abbrev-2.0.0.tgz 0ms (cache hit)
1918 http cache @csstools/color-helpers@https://registry.npmjs.org/@csstools/color-helpers/-/color-helpers-6.1.0.tgz 0ms (cache hit)
1919 http cache balanced-match@https://registry.npmjs.org/balanced-match/-/balanced-match-1.0.2.tgz 0ms (cache hit)
1920 http cache mdn-data@https://registry.npmjs.org/mdn-data/-/mdn-data-2.27.1.tgz 0ms (cache hit)
1921 http cache bidi-js@https://registry.npmjs.org/bidi-js/-/bidi-js-1.0.3.tgz 0ms (cache hit)
1922 http cache mime-db@https://registry.npmjs.org/mime-db/-/mime-db-1.52.0.tgz 0ms (cache hit)
1923 http cache require-from-string@https://registry.npmjs.org/require-from-string/-/require-from-string-2.0.2.tgz 0ms (cache hit)
1924 http cache @asamuzakjp/nwsapi@https://registry.npmjs.org/@asamuzakjp/nwsapi/-/nwsapi-2.3.9.tgz 0ms (cache hit)
1925 http cache @csstools/css-color-parser@https://registry.npmjs.org/@csstools/css-color-parser/-/css-color-parser-4.1.9.tgz 0ms (cache hit)
1926 http cache @csstools/css-parser-algorithms@https://registry.npmjs.org/@csstools/css-parser-algorithms/-/css-parser-algorithms-4.0.0.tgz 0ms (cache hit)
1927 http cache @csstools/css-tokenizer@https://registry.npmjs.org/@csstools/css-tokenizer/-/css-tokenizer-4.0.0.tgz 0ms (cache hit)
1928 http cache @asamuzakjp/generational-cache@https://registry.npmjs.org/@asamuzakjp/generational-cache/-/generational-cache-1.0.1.tgz 0ms (cache hit)
1929 http cache @csstools/css-calc@https://registry.npmjs.org/@csstools/css-calc/-/css-calc-3.2.1.tgz 0ms (cache hit)
1930 http cache xml-name-validator@https://registry.npmjs.org/xml-name-validator/-/xml-name-validator-5.0.0.tgz 0ms (cache hit)
1931 http cache whatwg-url@https://registry.npmjs.org/whatwg-url/-/whatwg-url-16.0.1.tgz 0ms (cache hit)
1932 http cache whatwg-mimetype@https://registry.npmjs.org/whatwg-mimetype/-/whatwg-mimetype-5.0.0.tgz 0ms (cache hit)
1933 http cache webidl-conversions@https://registry.npmjs.org/webidl-conversions/-/webidl-conversions-8.0.1.tgz 0ms (cache hit)
1934 http cache w3c-xmlserializer@https://registry.npmjs.org/w3c-xmlserializer/-/w3c-xmlserializer-5.0.0.tgz 0ms (cache hit)
1935 http cache undici@https://registry.npmjs.org/undici/-/undici-7.28.0.tgz 0ms (cache hit)
1936 http cache symbol-tree@https://registry.npmjs.org/symbol-tree/-/symbol-tree-3.2.4.tgz 0ms (cache hit)
1937 http cache saxes@https://registry.npmjs.org/saxes/-/saxes-6.0.0.tgz 0ms (cache hit)
1938 http cache tough-cookie@https://registry.npmjs.org/tough-cookie/-/tough-cookie-6.0.2.tgz 0ms (cache hit)
1939 http cache parse5@https://registry.npmjs.org/parse5/-/parse5-8.0.1.tgz 0ms (cache hit)
1940 http cache is-potential-custom-element-name@https://registry.npmjs.org/is-potential-custom-element-name/-/is-potential-custom-element-name-1.0.1.tgz 0ms (cache hit)
1941 http cache lru-cache@https://registry.npmjs.org/lru-cache/-/lru-cache-11.5.2.tgz 0ms (cache hit)
1942 http cache html-encoding-sniffer@https://registry.npmjs.org/html-encoding-sniffer/-/html-encoding-sniffer-6.0.0.tgz 0ms (cache hit)
1943 http cache decimal.js@https://registry.npmjs.org/decimal.js/-/decimal.js-10.6.0.tgz 0ms (cache hit)
1944 http cache data-urls@https://registry.npmjs.org/data-urls/-/data-urls-7.0.0.tgz 0ms (cache hit)
1945 http cache css-tree@https://registry.npmjs.org/css-tree/-/css-tree-3.2.1.tgz 0ms (cache hit)
1946 http cache @exodus/bytes@https://registry.npmjs.org/@exodus/bytes/-/bytes-1.15.1.tgz 0ms (cache hit)
1947 http cache @csstools/css-syntax-patches-for-csstree@https://registry.npmjs.org/@csstools/css-syntax-patches-for-csstree/-/css-syntax-patches-for-csstree-1.1.6.tgz 0ms (cache hit)
1948 http cache @asamuzakjp/css-color@https://registry.npmjs.org/@asamuzakjp/css-color/-/css-color-5.1.11.tgz 0ms (cache hit)
1949 http cache @asamuzakjp/dom-selector@https://registry.npmjs.org/@asamuzakjp/dom-selector/-/dom-selector-7.1.1.tgz 0ms (cache hit)
1950 http cache wrap-ansi@https://registry.npmjs.org/wrap-ansi/-/wrap-ansi-8.1.0.tgz 0ms (cache hit)
1951 http cache @bramus/specificity@https://registry.npmjs.org/@bramus/specificity/-/specificity-2.4.2.tgz 0ms (cache hit)
1952 http cache wrap-ansi-cjs@https://registry.npmjs.org/wrap-ansi/-/wrap-ansi-7.0.0.tgz 0ms (cache hit)
1953 http cache strip-ansi@https://registry.npmjs.org/strip-ansi/-/strip-ansi-7.2.0.tgz 0ms (cache hit)
1954 http cache strip-ansi-cjs@https://registry.npmjs.org/strip-ansi/-/strip-ansi-6.0.1.tgz 0ms (cache hit)
1955 http cache string-width-cjs@https://registry.npmjs.org/string-width/-/string-width-4.2.3.tgz 0ms (cache hit)
1956 http cache string-width@https://registry.npmjs.org/string-width/-/string-width-5.1.2.tgz 0ms (cache hit)
1957 http cache @pkgjs/parseargs@https://registry.npmjs.org/@pkgjs/parseargs/-/parseargs-0.11.0.tgz 0ms (cache hit)
1958 http cache which@https://registry.npmjs.org/which/-/which-2.0.2.tgz 0ms (cache hit)
1959 http cache @isaacs/cliui@https://registry.npmjs.org/@isaacs/cliui/-/cliui-8.0.2.tgz 0ms (cache hit)
1960 http cache path-key@https://registry.npmjs.org/path-key/-/path-key-3.1.1.tgz 0ms (cache hit)
1961 http cache shebang-command@https://registry.npmjs.org/shebang-command/-/shebang-command-2.0.0.tgz 0ms (cache hit)
1962 http cache signal-exit@https://registry.npmjs.org/signal-exit/-/signal-exit-4.1.0.tgz 0ms (cache hit)
1963 http cache cross-spawn@https://registry.npmjs.org/cross-spawn/-/cross-spawn-7.0.6.tgz 0ms (cache hit)
1964 http cache package-json-from-dist@https://registry.npmjs.org/package-json-from-dist/-/package-json-from-dist-1.0.1.tgz 0ms (cache hit)
1965 http cache jackspeak@https://registry.npmjs.org/jackspeak/-/jackspeak-3.4.3.tgz 0ms (cache hit)
1966 http cache foreground-child@https://registry.npmjs.org/foreground-child/-/foreground-child-3.3.1.tgz 0ms (cache hit)
1967 http cache path-scurry@https://registry.npmjs.org/path-scurry/-/path-scurry-1.11.1.tgz 0ms (cache hit)
1968 http cache minipass@https://registry.npmjs.org/minipass/-/minipass-7.1.3.tgz 0ms (cache hit)
1969 http cache minimatch@https://registry.npmjs.org/minimatch/-/minimatch-9.0.9.tgz 0ms (cache hit)
1970 http cache @one-ini/wasm@https://registry.npmjs.org/@one-ini/wasm/-/wasm-0.1.1.tgz 0ms (cache hit)
1971 http cache proto-list@https://registry.npmjs.org/proto-list/-/proto-list-1.2.4.tgz 0ms (cache hit)
1972 http cache semver@https://registry.npmjs.org/semver/-/semver-7.8.5.tgz 0ms (cache hit)
1973 http cache commander@https://registry.npmjs.org/commander/-/commander-10.0.1.tgz 0ms (cache hit)
1974 http cache nopt@https://registry.npmjs.org/nopt/-/nopt-7.2.1.tgz 0ms (cache hit)
1975 http cache ini@https://registry.npmjs.org/ini/-/ini-1.3.8.tgz 0ms (cache hit)
1976 http cache glob@https://registry.npmjs.org/glob/-/glob-10.5.0.tgz 0ms (cache hit)
1977 http cache js-cookie@https://registry.npmjs.org/js-cookie/-/js-cookie-3.0.8.tgz 0ms (cache hit)
1978 http cache editorconfig@https://registry.npmjs.org/editorconfig/-/editorconfig-1.0.7.tgz 0ms (cache hit)
1979 http cache debug@https://registry.npmjs.org/debug/-/debug-4.4.3.tgz 0ms (cache hit)
1980 http cache config-chain@https://registry.npmjs.org/config-chain/-/config-chain-1.1.13.tgz 0ms (cache hit)
1981 http cache dunder-proto@https://registry.npmjs.org/dunder-proto/-/dunder-proto-1.0.1.tgz 0ms (cache hit)
1982 http cache ms@https://registry.npmjs.org/ms/-/ms-2.1.3.tgz 0ms (cache hit)
1983 http cache agent-base@https://registry.npmjs.org/agent-base/-/agent-base-6.0.2.tgz 0ms (cache hit)
1984 http cache has-symbols@https://registry.npmjs.org/has-symbols/-/has-symbols-1.1.0.tgz 0ms (cache hit)
1985 http cache math-intrinsics@https://registry.npmjs.org/math-intrinsics/-/math-intrinsics-1.1.0.tgz 0ms (cache hit)
1986 http cache gopd@https://registry.npmjs.org/gopd/-/gopd-1.2.0.tgz 0ms (cache hit)
1987 http cache get-proto@https://registry.npmjs.org/get-proto/-/get-proto-1.0.1.tgz 0ms (cache hit)
1988 http cache function-bind@https://registry.npmjs.org/function-bind/-/function-bind-1.1.2.tgz 0ms (cache hit)
1989 http cache es-object-atoms@https://registry.npmjs.org/es-object-atoms/-/es-object-atoms-1.1.2.tgz 0ms (cache hit)
1990 http cache es-define-property@https://registry.npmjs.org/es-define-property/-/es-define-property-1.0.1.tgz 0ms (cache hit)
1991 http cache call-bind-apply-helpers@https://registry.npmjs.org/call-bind-apply-helpers/-/call-bind-apply-helpers-1.0.2.tgz 0ms (cache hit)
1992 http cache has-tostringtag@https://registry.npmjs.org/has-tostringtag/-/has-tostringtag-1.0.2.tgz 0ms (cache hit)
1993 http cache get-intrinsic@https://registry.npmjs.org/get-intrinsic/-/get-intrinsic-1.3.0.tgz 0ms (cache hit)
1994 http cache hasown@https://registry.npmjs.org/hasown/-/hasown-2.0.4.tgz 0ms (cache hit)
1995 http cache mime-types@https://registry.npmjs.org/mime-types/-/mime-types-2.1.35.tgz 0ms (cache hit)
1996 http cache es-errors@https://registry.npmjs.org/es-errors/-/es-errors-1.3.0.tgz 0ms (cache hit)
1997 http cache delayed-stream@https://registry.npmjs.org/delayed-stream/-/delayed-stream-1.0.0.tgz 0ms (cache hit)
1998 http cache combined-stream@https://registry.npmjs.org/combined-stream/-/combined-stream-1.0.8.tgz 0ms (cache hit)
1999 http cache asynckit@https://registry.npmjs.org/asynckit/-/asynckit-0.4.0.tgz 0ms (cache hit)
2000 http cache @types/web-bluetooth@https://registry.npmjs.org/@types/web-bluetooth/-/web-bluetooth-0.0.21.tgz 1ms (cache hit)
2001 http cache es-set-tostringtag@https://registry.npmjs.org/es-set-tostringtag/-/es-set-tostringtag-2.1.0.tgz 0ms (cache hit)
2002 http cache @vueuse/shared@https://registry.npmjs.org/@vueuse/shared/-/shared-14.3.0.tgz 0ms (cache hit)
2003 http cache @vueuse/metadata@https://registry.npmjs.org/@vueuse/metadata/-/metadata-14.3.0.tgz 0ms (cache hit)
2004 http cache memoize-one@https://registry.npmjs.org/memoize-one/-/memoize-one-6.0.0.tgz 0ms (cache hit)
2005 http cache @floating-ui/core@https://registry.npmjs.org/@floating-ui/core/-/core-1.8.0.tgz 0ms (cache hit)
2006 http cache @floating-ui/utils@https://registry.npmjs.org/@floating-ui/utils/-/utils-0.2.12.tgz 0ms (cache hit)
2007 http cache normalize-wheel-es@https://registry.npmjs.org/normalize-wheel-es/-/normalize-wheel-es-1.2.0.tgz 0ms (cache hit)
2008 http cache lodash-es@https://registry.npmjs.org/lodash-es/-/lodash-es-4.18.1.tgz 0ms (cache hit)
2009 http cache dayjs@https://registry.npmjs.org/dayjs/-/dayjs-1.11.21.tgz 0ms (cache hit)
2010 http cache lodash-unified@https://registry.npmjs.org/lodash-unified/-/lodash-unified-1.0.3.tgz 0ms (cache hit)
2011 http cache @types/lodash-es@https://registry.npmjs.org/@types/lodash-es/-/lodash-es-4.17.12.tgz 0ms (cache hit)
2012 http cache lodash@https://registry.npmjs.org/lodash/-/lodash-4.18.1.tgz 0ms (cache hit)
2013 http cache async-validator@https://registry.npmjs.org/async-validator/-/async-validator-4.2.5.tgz 0ms (cache hit)
2014 http cache @vueuse/core@https://registry.npmjs.org/@vueuse/core/-/core-14.3.0.tgz 0ms (cache hit)
2015 http cache @types/lodash@https://registry.npmjs.org/@types/lodash/-/lodash-4.17.24.tgz 0ms (cache hit)
2016 http cache @popperjs/core@https://registry.npmjs.org/@sxzz/popperjs-es/-/popperjs-es-2.11.8.tgz 0ms (cache hit)
2017 http cache @ctrl/tinycolor@https://registry.npmjs.org/@ctrl/tinycolor/-/tinycolor-4.2.0.tgz 0ms (cache hit)
2018 http cache @floating-ui/dom@https://registry.npmjs.org/@floating-ui/dom/-/dom-1.8.0.tgz 0ms (cache hit)
2019 http cache proxy-from-env@https://registry.npmjs.org/proxy-from-env/-/proxy-from-env-2.1.0.tgz 0ms (cache hit)
2020 http cache https-proxy-agent@https://registry.npmjs.org/https-proxy-agent/-/https-proxy-agent-5.0.1.tgz 0ms (cache hit)
2021 http cache follow-redirects@https://registry.npmjs.org/follow-redirects/-/follow-redirects-1.16.0.tgz 0ms (cache hit)
2022 http cache form-data@https://registry.npmjs.org/form-data/-/form-data-4.0.6.tgz 0ms (cache hit)
2023 http cache @element-plus/icons-vue@https://registry.npmjs.org/@element-plus/icons-vue/-/icons-vue-2.3.2.tgz 0ms (cache hit)
2024 http cache vue-component-type-helpers@https://registry.npmjs.org/vue-component-type-helpers/-/vue-component-type-helpers-3.3.7.tgz 0ms (cache hit)
2025 http cache js-beautify@https://registry.npmjs.org/js-beautify/-/js-beautify-1.15.4.tgz 0ms (cache hit)
2026 http cache perfect-debounce@https://registry.npmjs.org/perfect-debounce/-/perfect-debounce-2.1.0.tgz 0ms (cache hit)
2027 http cache birpc@https://registry.npmjs.org/birpc/-/birpc-2.9.0.tgz 0ms (cache hit)
2028 http cache @vue/devtools-shared@https://registry.npmjs.org/@vue/devtools-shared/-/devtools-shared-8.1.5.tgz 0ms (cache hit)
2029 http cache hookable@https://registry.npmjs.org/hookable/-/hookable-5.5.3.tgz 0ms (cache hit)
2030 http cache @vue/devtools-kit@https://registry.npmjs.org/@vue/devtools-kit/-/devtools-kit-8.1.5.tgz 0ms (cache hit)
2031 http cache source-map-js@https://registry.npmjs.org/source-map-js/-/source-map-js-1.2.1.tgz 0ms (cache hit)
2032 http cache @babel/helper-string-parser@https://registry.npmjs.org/@babel/helper-string-parser/-/helper-string-parser-7.29.7.tgz 0ms (cache hit)
2033 http cache @babel/helper-validator-identifier@https://registry.npmjs.org/@babel/helper-validator-identifier/-/helper-validator-identifier-7.29.7.tgz 0ms (cache hit)
2034 http cache @babel/parser@https://registry.npmjs.org/@babel/parser/-/parser-7.29.7.tgz 0ms (cache hit)
2035 http cache @babel/types@https://registry.npmjs.org/@babel/types/-/types-7.29.7.tgz 0ms (cache hit)
2036 http cache estree-walker@https://registry.npmjs.org/estree-walker/-/estree-walker-2.0.2.tgz 0ms (cache hit)
2037 http cache @vue/shared@https://registry.npmjs.org/@vue/shared/-/shared-3.5.40.tgz 0ms (cache hit)
2038 http cache @rolldown/pluginutils@https://registry.npmjs.org/@rolldown/pluginutils/-/pluginutils-1.0.1.tgz 0ms (cache hit)
2039 http cache entities@https://registry.npmjs.org/entities/-/entities-7.0.1.tgz 0ms (cache hit)
2040 http cache @vue/compiler-core@https://registry.npmjs.org/@vue/compiler-core/-/compiler-core-3.5.40.tgz 0ms (cache hit)
2041 http cache undici-types@https://registry.npmjs.org/undici-types/-/undici-types-8.3.0.tgz 0ms (cache hit)
2042 http cache vue-tsc@https://registry.npmjs.org/vue-tsc/-/vue-tsc-3.3.7.tgz 0ms (cache hit)
2043 http cache @vue/devtools-api@https://registry.npmjs.org/@vue/devtools-api/-/devtools-api-8.1.5.tgz 0ms (cache hit)
2044 http cache vitest@https://registry.npmjs.org/vitest/-/vitest-4.1.10.tgz 0ms (cache hit)
2045 http cache vue-router@https://registry.npmjs.org/vue-router/-/vue-router-5.2.0.tgz 0ms (cache hit)
2046 http cache typescript@https://registry.npmjs.org/typescript/-/typescript-7.0.2.tgz 0ms (cache hit)
2047 http cache jsdom@https://registry.npmjs.org/jsdom/-/jsdom-29.1.1.tgz 0ms (cache hit)
2048 http cache pinia@https://registry.npmjs.org/pinia/-/pinia-4.0.2.tgz 0ms (cache hit)
2049 http cache element-plus@https://registry.npmjs.org/element-plus/-/element-plus-2.14.3.tgz 0ms (cache hit)
2050 http cache @vue/compiler-dom@https://registry.npmjs.org/@vue/compiler-dom/-/compiler-dom-3.5.40.tgz 0ms (cache hit)
2051 http cache axios@https://registry.npmjs.org/axios/-/axios-1.18.1.tgz 0ms (cache hit)
2052 http cache @types/node@https://registry.npmjs.org/@types/node/-/node-26.1.1.tgz 0ms (cache hit)
2053 http cache @vue/test-utils@https://registry.npmjs.org/@vue/test-utils/-/test-utils-2.4.11.tgz 0ms (cache hit)
2054 http cache vite@https://registry.npmjs.org/vite/-/vite-8.1.5.tgz 0ms (cache hit)
2055 http cache vue@https://registry.npmjs.org/vue/-/vue-3.5.40.tgz 0ms (cache hit)
2056 http cache @vitejs/plugin-vue@https://registry.npmjs.org/@vitejs/plugin-vue/-/plugin-vue-6.0.8.tgz 0ms (cache hit)
2057 http cache pkg-types@https://registry.npmjs.org/pkg-types/-/pkg-types-1.3.1.tgz 0ms (cache hit)
2058 http cache confbox@https://registry.npmjs.org/confbox/-/confbox-0.1.8.tgz 0ms (cache hit)
2059 http cache @babel/helper-validator-identifier@https://registry.npmjs.org/@babel/helper-validator-identifier/-/helper-validator-identifier-8.0.4.tgz 0ms (cache hit)
2060 http cache @babel/helper-string-parser@https://registry.npmjs.org/@babel/helper-string-parser/-/helper-string-parser-8.0.0.tgz 0ms (cache hit)
2061 http cache estree-walker@https://registry.npmjs.org/estree-walker/-/estree-walker-3.0.3.tgz 0ms (cache hit)
2062 http cache @babel/types@https://registry.npmjs.org/@babel/types/-/types-8.0.4.tgz 0ms (cache hit)
2063 http cache @babel/parser@https://registry.npmjs.org/@babel/parser/-/parser-8.0.4.tgz 0ms (cache hit)
2064 http cache ansi-regex@https://registry.npmjs.org/ansi-regex/-/ansi-regex-5.0.1.tgz 0ms (cache hit)
2065 http cache entities@https://registry.npmjs.org/entities/-/entities-8.0.0.tgz 0ms (cache hit)
2066 http cache string-width@https://registry.npmjs.org/string-width/-/string-width-4.2.3.tgz 0ms (cache hit)
2067 http cache ansi-regex@https://registry.npmjs.org/ansi-regex/-/ansi-regex-5.0.1.tgz 0ms (cache hit)
2068 http cache emoji-regex@https://registry.npmjs.org/emoji-regex/-/emoji-regex-8.0.0.tgz 0ms (cache hit)
2069 http cache strip-ansi@https://registry.npmjs.org/strip-ansi/-/strip-ansi-6.0.1.tgz 0ms (cache hit)
2070 http cache ansi-styles@https://registry.npmjs.org/ansi-styles/-/ansi-styles-4.3.0.tgz 0ms (cache hit)
2071 http cache ansi-regex@https://registry.npmjs.org/ansi-regex/-/ansi-regex-5.0.1.tgz 0ms (cache hit)
2072 http cache strip-ansi@https://registry.npmjs.org/strip-ansi/-/strip-ansi-6.0.1.tgz 0ms (cache hit)
2073 silly tarball no local data for color-name@https://registry.npmjs.org/color-name/-/color-name-1.1.4.tgz. Extracting by manifest.
2074 silly tarball no local data for @types/estree@https://registry.npmjs.org/@types/estree/-/estree-1.0.9.tgz. Extracting by manifest.
2075 silly tarball no local data for ansi-styles@https://registry.npmjs.org/ansi-styles/-/ansi-styles-6.2.3.tgz. Extracting by manifest.
2076 silly tarball no local data for color-convert@https://registry.npmjs.org/color-convert/-/color-convert-2.0.1.tgz. Extracting by manifest.
2077 silly tarball no local data for stackback@https://registry.npmjs.org/stackback/-/stackback-0.0.2.tgz. Extracting by manifest.
2078 http cache emoji-regex@https://registry.npmjs.org/emoji-regex/-/emoji-regex-8.0.0.tgz 0ms (cache hit)
2079 silly tarball no local data for siginfo@https://registry.npmjs.org/siginfo/-/siginfo-2.0.0.tgz. Extracting by manifest.
2080 silly tarball no local data for isexe@https://registry.npmjs.org/isexe/-/isexe-2.0.0.tgz. Extracting by manifest.
2081 silly tarball no local data for tr46@https://registry.npmjs.org/tr46/-/tr46-6.0.0.tgz. Extracting by manifest.
2082 silly tarball no local data for @volar/language-core@https://registry.npmjs.org/@volar/language-core/-/language-core-2.4.28.tgz. Extracting by manifest.
2083 silly tarball no local data for @volar/source-map@https://registry.npmjs.org/@volar/source-map/-/source-map-2.4.28.tgz. Extracting by manifest.
2084 silly tarball no local data for @volar/typescript@https://registry.npmjs.org/@volar/typescript/-/typescript-2.4.28.tgz. Extracting by manifest.
2085 silly tarball no local data for punycode@https://registry.npmjs.org/punycode/-/punycode-2.3.1.tgz. Extracting by manifest.
2086 silly tarball no local data for alien-signals@https://registry.npmjs.org/alien-signals/-/alien-signals-3.2.1.tgz. Extracting by manifest.
2087 http cache lru-cache@https://registry.npmjs.org/lru-cache/-/lru-cache-10.4.3.tgz 0ms (cache hit)
2088 silly tarball no local data for vscode-uri@https://registry.npmjs.org/vscode-uri/-/vscode-uri-3.1.0.tgz. Extracting by manifest.
2089 silly tarball no local data for webpack-virtual-modules@https://registry.npmjs.org/webpack-virtual-modules/-/webpack-virtual-modules-0.6.2.tgz. Extracting by manifest.
2090 silly tarball no local data for path-browserify@https://registry.npmjs.org/path-browserify/-/path-browserify-1.0.1.tgz. Extracting by manifest.
2091 silly tarball no local data for @jridgewell/remapping@https://registry.npmjs.org/@jridgewell/remapping/-/remapping-2.3.5.tgz. Extracting by manifest.
2092 silly tarball no local data for exsolve@https://registry.npmjs.org/exsolve/-/exsolve-1.1.0.tgz. Extracting by manifest.
2093 silly tarball no local data for confbox@https://registry.npmjs.org/confbox/-/confbox-0.2.4.tgz. Extracting by manifest.
2094 silly tarball no local data for ufo@https://registry.npmjs.org/ufo/-/ufo-1.6.4.tgz. Extracting by manifest.
2095 silly tarball no local data for @vue/language-core@https://registry.npmjs.org/@vue/language-core/-/language-core-3.3.7.tgz. Extracting by manifest.
2096 silly tarball no local data for acorn@https://registry.npmjs.org/acorn/-/acorn-8.17.0.tgz. Extracting by manifest.
2097 silly tarball no local data for pkg-types@https://registry.npmjs.org/pkg-types/-/pkg-types-2.3.1.tgz. Extracting by manifest.
2098 silly tarball no local data for ast-kit@https://registry.npmjs.org/ast-kit/-/ast-kit-2.2.0.tgz. Extracting by manifest.
2099 silly tarball no local data for magic-string-ast@https://registry.npmjs.org/magic-string-ast/-/magic-string-ast-1.0.3.tgz. Extracting by manifest.
2100 silly tarball no local data for @jridgewell/resolve-uri@https://registry.npmjs.org/@jridgewell/resolve-uri/-/resolve-uri-3.1.2.tgz. Extracting by manifest.
2101 silly tarball no local data for jsesc@https://registry.npmjs.org/jsesc/-/jsesc-3.1.0.tgz. Extracting by manifest.
2102 silly tarball no local data for @jridgewell/trace-mapping@https://registry.npmjs.org/@jridgewell/trace-mapping/-/trace-mapping-0.3.31.tgz. Extracting by manifest.
2103 silly tarball no local data for readdirp@https://registry.npmjs.org/readdirp/-/readdirp-5.0.0.tgz. Extracting by manifest.
2104 silly tarball no local data for @jridgewell/gen-mapping@https://registry.npmjs.org/@jridgewell/gen-mapping/-/gen-mapping-0.3.13.tgz. Extracting by manifest.
2105 silly tarball no local data for quansync@https://registry.npmjs.org/quansync/-/quansync-0.2.11.tgz. Extracting by manifest.
2106 silly tarball no local data for @types/jsesc@https://registry.npmjs.org/@types/jsesc/-/jsesc-2.5.1.tgz. Extracting by manifest.
2107 silly tarball no local data for yaml@https://registry.npmjs.org/yaml/-/yaml-2.9.0.tgz. Extracting by manifest.
2108 silly tarball no local data for unplugin@https://registry.npmjs.org/unplugin/-/unplugin-3.3.0.tgz. Extracting by manifest.
2109 silly tarball no local data for unplugin-utils@https://registry.npmjs.org/unplugin-utils/-/unplugin-utils-0.3.2.tgz. Extracting by manifest.
2110 silly tarball no local data for scule@https://registry.npmjs.org/scule/-/scule-1.3.0.tgz. Extracting by manifest.
2111 silly tarball no local data for local-pkg@https://registry.npmjs.org/local-pkg/-/local-pkg-1.2.1.tgz. Extracting by manifest.
2112 silly tarball no local data for mlly@https://registry.npmjs.org/mlly/-/mlly-1.8.2.tgz. Extracting by manifest.
2113 silly tarball no local data for muggle-string@https://registry.npmjs.org/muggle-string/-/muggle-string-0.4.1.tgz. Extracting by manifest.
2114 silly tarball no local data for json5@https://registry.npmjs.org/json5/-/json5-2.2.3.tgz. Extracting by manifest.
2115 silly tarball no local data for chokidar@https://registry.npmjs.org/chokidar/-/chokidar-5.0.0.tgz. Extracting by manifest.
2116 silly tarball no local data for ast-walker-scope@https://registry.npmjs.org/ast-walker-scope/-/ast-walker-scope-0.9.0.tgz. Extracting by manifest.
2117 silly tarball no local data for @babel/generator@https://registry.npmjs.org/@babel/generator/-/generator-8.0.0.tgz. Extracting by manifest.
2118 silly tarball no local data for @vue/runtime-core@https://registry.npmjs.org/@vue/runtime-core/-/runtime-core-3.5.40.tgz. Extracting by manifest.
2119 silly tarball no local data for @vue/reactivity@https://registry.npmjs.org/@vue/reactivity/-/reactivity-3.5.40.tgz. Extracting by manifest.
2120 silly tarball no local data for @vue-macros/common@https://registry.npmjs.org/@vue-macros/common/-/common-3.1.3.tgz. Extracting by manifest.
2121 silly tarball no local data for csstype@https://registry.npmjs.org/csstype/-/csstype-3.2.3.tgz. Extracting by manifest.
2122 silly tarball no local data for @vue/compiler-ssr@https://registry.npmjs.org/@vue/compiler-ssr/-/compiler-ssr-3.5.40.tgz. Extracting by manifest.
2123 silly tarball no local data for @jridgewell/sourcemap-codec@https://registry.npmjs.org/@jridgewell/sourcemap-codec/-/sourcemap-codec-1.5.5.tgz. Extracting by manifest.
2124 silly tarball no local data for @vue/runtime-dom@https://registry.npmjs.org/@vue/runtime-dom/-/runtime-dom-3.5.40.tgz. Extracting by manifest.
2125 silly tarball no local data for @vue/compiler-sfc@https://registry.npmjs.org/@vue/compiler-sfc/-/compiler-sfc-3.5.40.tgz. Extracting by manifest.
2126 silly tarball no local data for convert-source-map@https://registry.npmjs.org/convert-source-map/-/convert-source-map-2.0.0.tgz. Extracting by manifest.
2127 silly tarball no local data for @vue/server-renderer@https://registry.npmjs.org/@vue/server-renderer/-/server-renderer-3.5.40.tgz. Extracting by manifest.
2128 silly tarball no local data for @standard-schema/spec@https://registry.npmjs.org/@standard-schema/spec/-/spec-1.1.0.tgz. Extracting by manifest.
2129 silly tarball no local data for @types/deep-eql@https://registry.npmjs.org/@types/deep-eql/-/deep-eql-4.0.2.tgz. Extracting by manifest.
2130 silly tarball no local data for @types/chai@https://registry.npmjs.org/@types/chai/-/chai-5.2.3.tgz. Extracting by manifest.
2131 silly tarball no local data for assertion-error@https://registry.npmjs.org/assertion-error/-/assertion-error-2.0.1.tgz. Extracting by manifest.
2132 silly tarball no local data for chai@https://registry.npmjs.org/chai/-/chai-6.2.2.tgz. Extracting by manifest.
2133 silly tarball no local data for why-is-node-running@https://registry.npmjs.org/why-is-node-running/-/why-is-node-running-2.3.0.tgz. Extracting by manifest.
2134 silly tarball no local data for tinyrainbow@https://registry.npmjs.org/tinyrainbow/-/tinyrainbow-3.1.0.tgz. Extracting by manifest.
2135 silly tarball no local data for tinyexec@https://registry.npmjs.org/tinyexec/-/tinyexec-1.2.4.tgz. Extracting by manifest.
2136 silly tarball no local data for tinybench@https://registry.npmjs.org/tinybench/-/tinybench-2.9.0.tgz. Extracting by manifest.
2137 silly tarball no local data for pathe@https://registry.npmjs.org/pathe/-/pathe-2.0.3.tgz. Extracting by manifest.
2138 silly tarball no local data for magic-string@https://registry.npmjs.org/magic-string/-/magic-string-0.30.21.tgz. Extracting by manifest.
2139 silly tarball no local data for std-env@https://registry.npmjs.org/std-env/-/std-env-4.2.0.tgz. Extracting by manifest.
2140 silly tarball no local data for obug@https://registry.npmjs.org/obug/-/obug-2.1.3.tgz. Extracting by manifest.
2141 silly tarball no local data for es-module-lexer@https://registry.npmjs.org/es-module-lexer/-/es-module-lexer-2.3.1.tgz. Extracting by manifest.
2142 silly tarball no local data for expect-type@https://registry.npmjs.org/expect-type/-/expect-type-1.4.0.tgz. Extracting by manifest.
2143 silly tarball no local data for @vitest/utils@https://registry.npmjs.org/@vitest/utils/-/utils-4.1.10.tgz. Extracting by manifest.
2144 silly tarball no local data for @vitest/snapshot@https://registry.npmjs.org/@vitest/snapshot/-/snapshot-4.1.10.tgz. Extracting by manifest.
2145 silly tarball no local data for @vitest/pretty-format@https://registry.npmjs.org/@vitest/pretty-format/-/pretty-format-4.1.10.tgz. Extracting by manifest.
2146 silly tarball no local data for @vitest/expect@https://registry.npmjs.org/@vitest/expect/-/expect-4.1.10.tgz. Extracting by manifest.
2147 silly tarball no local data for @vitest/runner@https://registry.npmjs.org/@vitest/runner/-/runner-4.1.10.tgz. Extracting by manifest.
2148 silly tarball no local data for @vitest/spy@https://registry.npmjs.org/@vitest/spy/-/spy-4.1.10.tgz. Extracting by manifest.
2149 silly tarball no local data for @rolldown/binding-win32-x64-msvc@https://registry.npmjs.org/@rolldown/binding-win32-x64-msvc/-/binding-win32-x64-msvc-1.1.5.tgz. Extracting by manifest.
2150 silly tarball no local data for picocolors@https://registry.npmjs.org/picocolors/-/picocolors-1.1.1.tgz. Extracting by manifest.
2151 silly tarball no local data for @oxc-project/types@https://registry.npmjs.org/@oxc-project/types/-/types-0.139.0.tgz. Extracting by manifest.
2152 silly tarball no local data for @vitest/mocker@https://registry.npmjs.org/@vitest/mocker/-/mocker-4.1.10.tgz. Extracting by manifest.
2153 silly tarball no local data for lightningcss-win32-x64-msvc@https://registry.npmjs.org/lightningcss-win32-x64-msvc/-/lightningcss-win32-x64-msvc-1.32.0.tgz. Extracting by manifest.
2154 silly tarball no local data for detect-libc@https://registry.npmjs.org/detect-libc/-/detect-libc-2.1.2.tgz. Extracting by manifest.
2155 silly tarball no local data for nanoid@https://registry.npmjs.org/nanoid/-/nanoid-3.3.16.tgz. Extracting by manifest.
2156 silly tarball no local data for tinyglobby@https://registry.npmjs.org/tinyglobby/-/tinyglobby-0.2.17.tgz. Extracting by manifest.
2157 silly tarball no local data for fdir@https://registry.npmjs.org/fdir/-/fdir-6.5.0.tgz. Extracting by manifest.
2158 silly tarball no local data for rolldown@https://registry.npmjs.org/rolldown/-/rolldown-1.1.5.tgz. Extracting by manifest.
2159 silly tarball no local data for postcss@https://registry.npmjs.org/postcss/-/postcss-8.5.19.tgz. Extracting by manifest.
2160 silly tarball no local data for @typescript/typescript-win32-x64@https://registry.npmjs.org/@typescript/typescript-win32-x64/-/typescript-win32-x64-7.0.2.tgz. Extracting by manifest.
2161 silly tarball no local data for tldts-core@https://registry.npmjs.org/tldts-core/-/tldts-core-7.4.9.tgz. Extracting by manifest.
2162 silly tarball no local data for lightningcss@https://registry.npmjs.org/lightningcss/-/lightningcss-1.32.0.tgz. Extracting by manifest.
2163 silly tarball no local data for ansi-regex@https://registry.npmjs.org/ansi-regex/-/ansi-regex-6.2.2.tgz. Extracting by manifest.
2164 silly tarball no local data for is-fullwidth-code-point@https://registry.npmjs.org/is-fullwidth-code-point/-/is-fullwidth-code-point-3.0.0.tgz. Extracting by manifest.
2165 silly tarball no local data for tldts@https://registry.npmjs.org/tldts/-/tldts-7.4.9.tgz. Extracting by manifest.
2166 silly tarball no local data for emoji-regex@https://registry.npmjs.org/emoji-regex/-/emoji-regex-9.2.2.tgz. Extracting by manifest.
2167 silly tarball no local data for picomatch@https://registry.npmjs.org/picomatch/-/picomatch-4.0.5.tgz. Extracting by manifest.
2168 silly tarball no local data for eastasianwidth@https://registry.npmjs.org/eastasianwidth/-/eastasianwidth-0.2.0.tgz. Extracting by manifest.
2169 silly tarball no local data for xmlchars@https://registry.npmjs.org/xmlchars/-/xmlchars-2.2.0.tgz. Extracting by manifest.
2170 silly tarball no local data for shebang-regex@https://registry.npmjs.org/shebang-regex/-/shebang-regex-3.0.0.tgz. Extracting by manifest.
2171 silly tarball no local data for brace-expansion@https://registry.npmjs.org/brace-expansion/-/brace-expansion-2.1.2.tgz. Extracting by manifest.
2172 silly tarball no local data for nostics@https://registry.npmjs.org/nostics/-/nostics-1.1.4.tgz. Extracting by manifest.
2173 silly tarball no local data for abbrev@https://registry.npmjs.org/abbrev/-/abbrev-2.0.0.tgz. Extracting by manifest.
2174 silly tarball no local data for @csstools/color-helpers@https://registry.npmjs.org/@csstools/color-helpers/-/color-helpers-6.1.0.tgz. Extracting by manifest.
2175 silly tarball no local data for balanced-match@https://registry.npmjs.org/balanced-match/-/balanced-match-1.0.2.tgz. Extracting by manifest.
2176 silly tarball no local data for mdn-data@https://registry.npmjs.org/mdn-data/-/mdn-data-2.27.1.tgz. Extracting by manifest.
2177 silly tarball no local data for bidi-js@https://registry.npmjs.org/bidi-js/-/bidi-js-1.0.3.tgz. Extracting by manifest.
2178 silly tarball no local data for mime-db@https://registry.npmjs.org/mime-db/-/mime-db-1.52.0.tgz. Extracting by manifest.
2179 silly tarball no local data for require-from-string@https://registry.npmjs.org/require-from-string/-/require-from-string-2.0.2.tgz. Extracting by manifest.
2180 silly tarball no local data for @asamuzakjp/nwsapi@https://registry.npmjs.org/@asamuzakjp/nwsapi/-/nwsapi-2.3.9.tgz. Extracting by manifest.
2181 silly tarball no local data for @csstools/css-color-parser@https://registry.npmjs.org/@csstools/css-color-parser/-/css-color-parser-4.1.9.tgz. Extracting by manifest.
2182 silly tarball no local data for @csstools/css-parser-algorithms@https://registry.npmjs.org/@csstools/css-parser-algorithms/-/css-parser-algorithms-4.0.0.tgz. Extracting by manifest.
2183 silly tarball no local data for @csstools/css-tokenizer@https://registry.npmjs.org/@csstools/css-tokenizer/-/css-tokenizer-4.0.0.tgz. Extracting by manifest.
2184 silly tarball no local data for @asamuzakjp/generational-cache@https://registry.npmjs.org/@asamuzakjp/generational-cache/-/generational-cache-1.0.1.tgz. Extracting by manifest.
2185 silly tarball no local data for @csstools/css-calc@https://registry.npmjs.org/@csstools/css-calc/-/css-calc-3.2.1.tgz. Extracting by manifest.
2186 silly tarball no local data for xml-name-validator@https://registry.npmjs.org/xml-name-validator/-/xml-name-validator-5.0.0.tgz. Extracting by manifest.
2187 silly tarball no local data for whatwg-url@https://registry.npmjs.org/whatwg-url/-/whatwg-url-16.0.1.tgz. Extracting by manifest.
2188 silly tarball no local data for whatwg-mimetype@https://registry.npmjs.org/whatwg-mimetype/-/whatwg-mimetype-5.0.0.tgz. Extracting by manifest.
2189 silly tarball no local data for webidl-conversions@https://registry.npmjs.org/webidl-conversions/-/webidl-conversions-8.0.1.tgz. Extracting by manifest.
2190 silly tarball no local data for w3c-xmlserializer@https://registry.npmjs.org/w3c-xmlserializer/-/w3c-xmlserializer-5.0.0.tgz. Extracting by manifest.
2191 silly tarball no local data for undici@https://registry.npmjs.org/undici/-/undici-7.28.0.tgz. Extracting by manifest.
2192 silly tarball no local data for symbol-tree@https://registry.npmjs.org/symbol-tree/-/symbol-tree-3.2.4.tgz. Extracting by manifest.
2193 silly tarball no local data for saxes@https://registry.npmjs.org/saxes/-/saxes-6.0.0.tgz. Extracting by manifest.
2194 silly tarball no local data for tough-cookie@https://registry.npmjs.org/tough-cookie/-/tough-cookie-6.0.2.tgz. Extracting by manifest.
2195 silly tarball no local data for parse5@https://registry.npmjs.org/parse5/-/parse5-8.0.1.tgz. Extracting by manifest.
2196 silly tarball no local data for is-potential-custom-element-name@https://registry.npmjs.org/is-potential-custom-element-name/-/is-potential-custom-element-name-1.0.1.tgz. Extracting by manifest.
2197 silly tarball no local data for lru-cache@https://registry.npmjs.org/lru-cache/-/lru-cache-11.5.2.tgz. Extracting by manifest.
2198 silly tarball no local data for html-encoding-sniffer@https://registry.npmjs.org/html-encoding-sniffer/-/html-encoding-sniffer-6.0.0.tgz. Extracting by manifest.
2199 silly tarball no local data for decimal.js@https://registry.npmjs.org/decimal.js/-/decimal.js-10.6.0.tgz. Extracting by manifest.
2200 silly tarball no local data for data-urls@https://registry.npmjs.org/data-urls/-/data-urls-7.0.0.tgz. Extracting by manifest.
2201 silly tarball no local data for css-tree@https://registry.npmjs.org/css-tree/-/css-tree-3.2.1.tgz. Extracting by manifest.
2202 silly tarball no local data for @exodus/bytes@https://registry.npmjs.org/@exodus/bytes/-/bytes-1.15.1.tgz. Extracting by manifest.
2203 silly tarball no local data for @csstools/css-syntax-patches-for-csstree@https://registry.npmjs.org/@csstools/css-syntax-patches-for-csstree/-/css-syntax-patches-for-csstree-1.1.6.tgz. Extracting by manifest.
2204 silly tarball no local data for @asamuzakjp/css-color@https://registry.npmjs.org/@asamuzakjp/css-color/-/css-color-5.1.11.tgz. Extracting by manifest.
2205 silly tarball no local data for @asamuzakjp/dom-selector@https://registry.npmjs.org/@asamuzakjp/dom-selector/-/dom-selector-7.1.1.tgz. Extracting by manifest.
2206 silly tarball no local data for wrap-ansi@https://registry.npmjs.org/wrap-ansi/-/wrap-ansi-8.1.0.tgz. Extracting by manifest.
2207 silly tarball no local data for @bramus/specificity@https://registry.npmjs.org/@bramus/specificity/-/specificity-2.4.2.tgz. Extracting by manifest.
2208 silly tarball no local data for wrap-ansi-cjs@https://registry.npmjs.org/wrap-ansi/-/wrap-ansi-7.0.0.tgz. Extracting by manifest.
2209 silly tarball no local data for strip-ansi@https://registry.npmjs.org/strip-ansi/-/strip-ansi-7.2.0.tgz. Extracting by manifest.
2210 silly tarball no local data for strip-ansi-cjs@https://registry.npmjs.org/strip-ansi/-/strip-ansi-6.0.1.tgz. Extracting by manifest.
2211 silly tarball no local data for string-width-cjs@https://registry.npmjs.org/string-width/-/string-width-4.2.3.tgz. Extracting by manifest.
2212 silly tarball no local data for string-width@https://registry.npmjs.org/string-width/-/string-width-5.1.2.tgz. Extracting by manifest.
2213 silly tarball no local data for @pkgjs/parseargs@https://registry.npmjs.org/@pkgjs/parseargs/-/parseargs-0.11.0.tgz. Extracting by manifest.
2214 silly tarball no local data for which@https://registry.npmjs.org/which/-/which-2.0.2.tgz. Extracting by manifest.
2215 silly tarball no local data for @isaacs/cliui@https://registry.npmjs.org/@isaacs/cliui/-/cliui-8.0.2.tgz. Extracting by manifest.
2216 silly tarball no local data for path-key@https://registry.npmjs.org/path-key/-/path-key-3.1.1.tgz. Extracting by manifest.
2217 silly tarball no local data for shebang-command@https://registry.npmjs.org/shebang-command/-/shebang-command-2.0.0.tgz. Extracting by manifest.
2218 silly tarball no local data for signal-exit@https://registry.npmjs.org/signal-exit/-/signal-exit-4.1.0.tgz. Extracting by manifest.
2219 silly tarball no local data for cross-spawn@https://registry.npmjs.org/cross-spawn/-/cross-spawn-7.0.6.tgz. Extracting by manifest.
2220 silly tarball no local data for package-json-from-dist@https://registry.npmjs.org/package-json-from-dist/-/package-json-from-dist-1.0.1.tgz. Extracting by manifest.
2221 silly tarball no local data for jackspeak@https://registry.npmjs.org/jackspeak/-/jackspeak-3.4.3.tgz. Extracting by manifest.
2222 silly tarball no local data for foreground-child@https://registry.npmjs.org/foreground-child/-/foreground-child-3.3.1.tgz. Extracting by manifest.
2223 silly tarball no local data for path-scurry@https://registry.npmjs.org/path-scurry/-/path-scurry-1.11.1.tgz. Extracting by manifest.
2224 silly tarball no local data for minipass@https://registry.npmjs.org/minipass/-/minipass-7.1.3.tgz. Extracting by manifest.
2225 silly tarball no local data for minimatch@https://registry.npmjs.org/minimatch/-/minimatch-9.0.9.tgz. Extracting by manifest.
2226 silly tarball no local data for @one-ini/wasm@https://registry.npmjs.org/@one-ini/wasm/-/wasm-0.1.1.tgz. Extracting by manifest.
2227 silly tarball no local data for proto-list@https://registry.npmjs.org/proto-list/-/proto-list-1.2.4.tgz. Extracting by manifest.
2228 silly tarball no local data for semver@https://registry.npmjs.org/semver/-/semver-7.8.5.tgz. Extracting by manifest.
2229 silly tarball no local data for commander@https://registry.npmjs.org/commander/-/commander-10.0.1.tgz. Extracting by manifest.
2230 silly tarball no local data for nopt@https://registry.npmjs.org/nopt/-/nopt-7.2.1.tgz. Extracting by manifest.
2231 silly tarball no local data for ini@https://registry.npmjs.org/ini/-/ini-1.3.8.tgz. Extracting by manifest.
2232 silly tarball no local data for glob@https://registry.npmjs.org/glob/-/glob-10.5.0.tgz. Extracting by manifest.
2233 silly tarball no local data for js-cookie@https://registry.npmjs.org/js-cookie/-/js-cookie-3.0.8.tgz. Extracting by manifest.
2234 silly tarball no local data for editorconfig@https://registry.npmjs.org/editorconfig/-/editorconfig-1.0.7.tgz. Extracting by manifest.
2235 silly tarball no local data for debug@https://registry.npmjs.org/debug/-/debug-4.4.3.tgz. Extracting by manifest.
2236 silly tarball no local data for config-chain@https://registry.npmjs.org/config-chain/-/config-chain-1.1.13.tgz. Extracting by manifest.
2237 silly tarball no local data for dunder-proto@https://registry.npmjs.org/dunder-proto/-/dunder-proto-1.0.1.tgz. Extracting by manifest.
2238 silly tarball no local data for ms@https://registry.npmjs.org/ms/-/ms-2.1.3.tgz. Extracting by manifest.
2239 silly tarball no local data for agent-base@https://registry.npmjs.org/agent-base/-/agent-base-6.0.2.tgz. Extracting by manifest.
2240 silly tarball no local data for has-symbols@https://registry.npmjs.org/has-symbols/-/has-symbols-1.1.0.tgz. Extracting by manifest.
2241 silly tarball no local data for math-intrinsics@https://registry.npmjs.org/math-intrinsics/-/math-intrinsics-1.1.0.tgz. Extracting by manifest.
2242 silly tarball no local data for gopd@https://registry.npmjs.org/gopd/-/gopd-1.2.0.tgz. Extracting by manifest.
2243 silly tarball no local data for get-proto@https://registry.npmjs.org/get-proto/-/get-proto-1.0.1.tgz. Extracting by manifest.
2244 silly tarball no local data for function-bind@https://registry.npmjs.org/function-bind/-/function-bind-1.1.2.tgz. Extracting by manifest.
2245 silly tarball no local data for es-object-atoms@https://registry.npmjs.org/es-object-atoms/-/es-object-atoms-1.1.2.tgz. Extracting by manifest.
2246 silly tarball no local data for es-define-property@https://registry.npmjs.org/es-define-property/-/es-define-property-1.0.1.tgz. Extracting by manifest.
2247 silly tarball no local data for call-bind-apply-helpers@https://registry.npmjs.org/call-bind-apply-helpers/-/call-bind-apply-helpers-1.0.2.tgz. Extracting by manifest.
2248 silly tarball no local data for has-tostringtag@https://registry.npmjs.org/has-tostringtag/-/has-tostringtag-1.0.2.tgz. Extracting by manifest.
2249 silly tarball no local data for get-intrinsic@https://registry.npmjs.org/get-intrinsic/-/get-intrinsic-1.3.0.tgz. Extracting by manifest.
2250 silly tarball no local data for hasown@https://registry.npmjs.org/hasown/-/hasown-2.0.4.tgz. Extracting by manifest.
2251 silly tarball no local data for mime-types@https://registry.npmjs.org/mime-types/-/mime-types-2.1.35.tgz. Extracting by manifest.
2252 silly tarball no local data for es-errors@https://registry.npmjs.org/es-errors/-/es-errors-1.3.0.tgz. Extracting by manifest.
2253 silly tarball no local data for delayed-stream@https://registry.npmjs.org/delayed-stream/-/delayed-stream-1.0.0.tgz. Extracting by manifest.
2254 silly tarball no local data for combined-stream@https://registry.npmjs.org/combined-stream/-/combined-stream-1.0.8.tgz. Extracting by manifest.
2255 silly tarball no local data for asynckit@https://registry.npmjs.org/asynckit/-/asynckit-0.4.0.tgz. Extracting by manifest.
2256 silly tarball no local data for @types/web-bluetooth@https://registry.npmjs.org/@types/web-bluetooth/-/web-bluetooth-0.0.21.tgz. Extracting by manifest.
2257 silly tarball no local data for es-set-tostringtag@https://registry.npmjs.org/es-set-tostringtag/-/es-set-tostringtag-2.1.0.tgz. Extracting by manifest.
2258 silly tarball no local data for @vueuse/shared@https://registry.npmjs.org/@vueuse/shared/-/shared-14.3.0.tgz. Extracting by manifest.
2259 silly tarball no local data for @vueuse/metadata@https://registry.npmjs.org/@vueuse/metadata/-/metadata-14.3.0.tgz. Extracting by manifest.
2260 silly tarball no local data for memoize-one@https://registry.npmjs.org/memoize-one/-/memoize-one-6.0.0.tgz. Extracting by manifest.
2261 silly tarball no local data for @floating-ui/core@https://registry.npmjs.org/@floating-ui/core/-/core-1.8.0.tgz. Extracting by manifest.
2262 silly tarball no local data for @floating-ui/utils@https://registry.npmjs.org/@floating-ui/utils/-/utils-0.2.12.tgz. Extracting by manifest.
2263 silly tarball no local data for normalize-wheel-es@https://registry.npmjs.org/normalize-wheel-es/-/normalize-wheel-es-1.2.0.tgz. Extracting by manifest.
2264 silly tarball no local data for lodash-es@https://registry.npmjs.org/lodash-es/-/lodash-es-4.18.1.tgz. Extracting by manifest.
2265 silly tarball no local data for dayjs@https://registry.npmjs.org/dayjs/-/dayjs-1.11.21.tgz. Extracting by manifest.
2266 silly tarball no local data for lodash-unified@https://registry.npmjs.org/lodash-unified/-/lodash-unified-1.0.3.tgz. Extracting by manifest.
2267 silly tarball no local data for @types/lodash-es@https://registry.npmjs.org/@types/lodash-es/-/lodash-es-4.17.12.tgz. Extracting by manifest.
2268 silly tarball no local data for lodash@https://registry.npmjs.org/lodash/-/lodash-4.18.1.tgz. Extracting by manifest.
2269 silly tarball no local data for async-validator@https://registry.npmjs.org/async-validator/-/async-validator-4.2.5.tgz. Extracting by manifest.
2270 silly tarball no local data for @vueuse/core@https://registry.npmjs.org/@vueuse/core/-/core-14.3.0.tgz. Extracting by manifest.
2271 silly tarball no local data for @types/lodash@https://registry.npmjs.org/@types/lodash/-/lodash-4.17.24.tgz. Extracting by manifest.
2272 silly tarball no local data for @popperjs/core@https://registry.npmjs.org/@sxzz/popperjs-es/-/popperjs-es-2.11.8.tgz. Extracting by manifest.
2273 silly tarball no local data for @ctrl/tinycolor@https://registry.npmjs.org/@ctrl/tinycolor/-/tinycolor-4.2.0.tgz. Extracting by manifest.
2274 silly tarball no local data for @floating-ui/dom@https://registry.npmjs.org/@floating-ui/dom/-/dom-1.8.0.tgz. Extracting by manifest.
2275 silly tarball no local data for proxy-from-env@https://registry.npmjs.org/proxy-from-env/-/proxy-from-env-2.1.0.tgz. Extracting by manifest.
2276 silly tarball no local data for https-proxy-agent@https://registry.npmjs.org/https-proxy-agent/-/https-proxy-agent-5.0.1.tgz. Extracting by manifest.
2277 silly tarball no local data for follow-redirects@https://registry.npmjs.org/follow-redirects/-/follow-redirects-1.16.0.tgz. Extracting by manifest.
2278 silly tarball no local data for form-data@https://registry.npmjs.org/form-data/-/form-data-4.0.6.tgz. Extracting by manifest.
2279 silly tarball no local data for @element-plus/icons-vue@https://registry.npmjs.org/@element-plus/icons-vue/-/icons-vue-2.3.2.tgz. Extracting by manifest.
2280 silly tarball no local data for vue-component-type-helpers@https://registry.npmjs.org/vue-component-type-helpers/-/vue-component-type-helpers-3.3.7.tgz. Extracting by manifest.
2281 silly tarball no local data for js-beautify@https://registry.npmjs.org/js-beautify/-/js-beautify-1.15.4.tgz. Extracting by manifest.
2282 silly tarball no local data for perfect-debounce@https://registry.npmjs.org/perfect-debounce/-/perfect-debounce-2.1.0.tgz. Extracting by manifest.
2283 silly tarball no local data for birpc@https://registry.npmjs.org/birpc/-/birpc-2.9.0.tgz. Extracting by manifest.
2284 silly tarball no local data for @vue/devtools-shared@https://registry.npmjs.org/@vue/devtools-shared/-/devtools-shared-8.1.5.tgz. Extracting by manifest.
2285 silly tarball no local data for hookable@https://registry.npmjs.org/hookable/-/hookable-5.5.3.tgz. Extracting by manifest.
2286 silly tarball no local data for @vue/devtools-kit@https://registry.npmjs.org/@vue/devtools-kit/-/devtools-kit-8.1.5.tgz. Extracting by manifest.
2287 silly tarball no local data for source-map-js@https://registry.npmjs.org/source-map-js/-/source-map-js-1.2.1.tgz. Extracting by manifest.
2288 silly tarball no local data for @babel/helper-string-parser@https://registry.npmjs.org/@babel/helper-string-parser/-/helper-string-parser-7.29.7.tgz. Extracting by manifest.
2289 silly tarball no local data for @babel/helper-validator-identifier@https://registry.npmjs.org/@babel/helper-validator-identifier/-/helper-validator-identifier-7.29.7.tgz. Extracting by manifest.
2290 silly tarball no local data for @babel/parser@https://registry.npmjs.org/@babel/parser/-/parser-7.29.7.tgz. Extracting by manifest.
2291 silly tarball no local data for @babel/types@https://registry.npmjs.org/@babel/types/-/types-7.29.7.tgz. Extracting by manifest.
2292 silly tarball no local data for estree-walker@https://registry.npmjs.org/estree-walker/-/estree-walker-2.0.2.tgz. Extracting by manifest.
2293 silly tarball no local data for @vue/shared@https://registry.npmjs.org/@vue/shared/-/shared-3.5.40.tgz. Extracting by manifest.
2294 silly tarball no local data for @rolldown/pluginutils@https://registry.npmjs.org/@rolldown/pluginutils/-/pluginutils-1.0.1.tgz. Extracting by manifest.
2295 silly tarball no local data for entities@https://registry.npmjs.org/entities/-/entities-7.0.1.tgz. Extracting by manifest.
2296 silly tarball no local data for @vue/compiler-core@https://registry.npmjs.org/@vue/compiler-core/-/compiler-core-3.5.40.tgz. Extracting by manifest.
2297 silly tarball no local data for undici-types@https://registry.npmjs.org/undici-types/-/undici-types-8.3.0.tgz. Extracting by manifest.
2298 silly tarball no local data for vue-tsc@https://registry.npmjs.org/vue-tsc/-/vue-tsc-3.3.7.tgz. Extracting by manifest.
2299 silly tarball no local data for @vue/devtools-api@https://registry.npmjs.org/@vue/devtools-api/-/devtools-api-8.1.5.tgz. Extracting by manifest.
2300 silly tarball no local data for vitest@https://registry.npmjs.org/vitest/-/vitest-4.1.10.tgz. Extracting by manifest.
2301 silly tarball no local data for vue-router@https://registry.npmjs.org/vue-router/-/vue-router-5.2.0.tgz. Extracting by manifest.
2302 silly tarball no local data for typescript@https://registry.npmjs.org/typescript/-/typescript-7.0.2.tgz. Extracting by manifest.
2303 silly tarball no local data for jsdom@https://registry.npmjs.org/jsdom/-/jsdom-29.1.1.tgz. Extracting by manifest.
2304 silly tarball no local data for pinia@https://registry.npmjs.org/pinia/-/pinia-4.0.2.tgz. Extracting by manifest.
2305 silly tarball no local data for element-plus@https://registry.npmjs.org/element-plus/-/element-plus-2.14.3.tgz. Extracting by manifest.
2306 silly tarball no local data for @vue/compiler-dom@https://registry.npmjs.org/@vue/compiler-dom/-/compiler-dom-3.5.40.tgz. Extracting by manifest.
2307 silly tarball no local data for axios@https://registry.npmjs.org/axios/-/axios-1.18.1.tgz. Extracting by manifest.
2308 silly tarball no local data for @types/node@https://registry.npmjs.org/@types/node/-/node-26.1.1.tgz. Extracting by manifest.
2309 silly tarball no local data for @vue/test-utils@https://registry.npmjs.org/@vue/test-utils/-/test-utils-2.4.11.tgz. Extracting by manifest.
2310 silly tarball no local data for vite@https://registry.npmjs.org/vite/-/vite-8.1.5.tgz. Extracting by manifest.
2311 silly tarball no local data for vue@https://registry.npmjs.org/vue/-/vue-3.5.40.tgz. Extracting by manifest.
2312 silly tarball no local data for @vitejs/plugin-vue@https://registry.npmjs.org/@vitejs/plugin-vue/-/plugin-vue-6.0.8.tgz. Extracting by manifest.
2313 silly tarball no local data for pkg-types@https://registry.npmjs.org/pkg-types/-/pkg-types-1.3.1.tgz. Extracting by manifest.
2314 silly tarball no local data for confbox@https://registry.npmjs.org/confbox/-/confbox-0.1.8.tgz. Extracting by manifest.
2315 silly tarball no local data for @babel/helper-validator-identifier@https://registry.npmjs.org/@babel/helper-validator-identifier/-/helper-validator-identifier-8.0.4.tgz. Extracting by manifest.
2316 silly tarball no local data for @babel/helper-string-parser@https://registry.npmjs.org/@babel/helper-string-parser/-/helper-string-parser-8.0.0.tgz. Extracting by manifest.
2317 silly tarball no local data for estree-walker@https://registry.npmjs.org/estree-walker/-/estree-walker-3.0.3.tgz. Extracting by manifest.
2318 silly tarball no local data for @babel/types@https://registry.npmjs.org/@babel/types/-/types-8.0.4.tgz. Extracting by manifest.
2319 silly tarball no local data for @babel/parser@https://registry.npmjs.org/@babel/parser/-/parser-8.0.4.tgz. Extracting by manifest.
2320 silly tarball no local data for ansi-regex@https://registry.npmjs.org/ansi-regex/-/ansi-regex-5.0.1.tgz. Extracting by manifest.
2321 silly tarball no local data for entities@https://registry.npmjs.org/entities/-/entities-8.0.0.tgz. Extracting by manifest.
2322 silly tarball no local data for string-width@https://registry.npmjs.org/string-width/-/string-width-4.2.3.tgz. Extracting by manifest.
2323 silly tarball no local data for ansi-regex@https://registry.npmjs.org/ansi-regex/-/ansi-regex-5.0.1.tgz. Extracting by manifest.
2324 silly tarball no local data for emoji-regex@https://registry.npmjs.org/emoji-regex/-/emoji-regex-8.0.0.tgz. Extracting by manifest.
2325 silly tarball no local data for strip-ansi@https://registry.npmjs.org/strip-ansi/-/strip-ansi-6.0.1.tgz. Extracting by manifest.
2326 silly tarball no local data for ansi-styles@https://registry.npmjs.org/ansi-styles/-/ansi-styles-4.3.0.tgz. Extracting by manifest.
2327 silly tarball no local data for ansi-regex@https://registry.npmjs.org/ansi-regex/-/ansi-regex-5.0.1.tgz. Extracting by manifest.
2328 silly tarball no local data for strip-ansi@https://registry.npmjs.org/strip-ansi/-/strip-ansi-6.0.1.tgz. Extracting by manifest.
2329 silly tarball no local data for emoji-regex@https://registry.npmjs.org/emoji-regex/-/emoji-regex-8.0.0.tgz. Extracting by manifest.
2330 silly tarball no local data for lru-cache@https://registry.npmjs.org/lru-cache/-/lru-cache-10.4.3.tgz. Extracting by manifest.
2331 http fetch GET 200 https://registry.npmjs.org/punycode/-/punycode-2.3.1.tgz 309ms (cache miss)
2332 http fetch GET 200 https://registry.npmjs.org/ansi-styles/-/ansi-styles-6.2.3.tgz 314ms (cache miss)
2333 http fetch GET 200 https://registry.npmjs.org/stackback/-/stackback-0.0.2.tgz 313ms (cache miss)
2334 http fetch GET 200 https://registry.npmjs.org/color-convert/-/color-convert-2.0.1.tgz 315ms (cache miss)
2335 http fetch GET 200 https://registry.npmjs.org/isexe/-/isexe-2.0.0.tgz 314ms (cache miss)
2336 http fetch GET 200 https://registry.npmjs.org/color-name/-/color-name-1.1.4.tgz 318ms (cache miss)
2337 http fetch GET 200 https://registry.npmjs.org/@volar/source-map/-/source-map-2.4.28.tgz 319ms (cache miss)
2338 http fetch GET 200 https://registry.npmjs.org/siginfo/-/siginfo-2.0.0.tgz 321ms (cache miss)
2339 http fetch GET 200 https://registry.npmjs.org/@volar/language-core/-/language-core-2.4.28.tgz 321ms (cache miss)
2340 http fetch GET 200 https://registry.npmjs.org/@types/estree/-/estree-1.0.9.tgz 325ms (cache miss)
2341 http fetch GET 200 https://registry.npmjs.org/alien-signals/-/alien-signals-3.2.1.tgz 327ms (cache miss)
2342 http fetch GET 200 https://registry.npmjs.org/webpack-virtual-modules/-/webpack-virtual-modules-0.6.2.tgz 331ms (cache miss)
2343 http fetch GET 200 https://registry.npmjs.org/vscode-uri/-/vscode-uri-3.1.0.tgz 341ms (cache miss)
2344 http fetch GET 200 https://registry.npmjs.org/@volar/typescript/-/typescript-2.4.28.tgz 358ms (cache miss)
2345 http fetch GET 200 https://registry.npmjs.org/tr46/-/tr46-6.0.0.tgz 389ms (cache miss)
2346 http fetch GET 200 https://registry.npmjs.org/path-browserify/-/path-browserify-1.0.1.tgz 493ms (cache miss)
2347 http fetch GET 200 https://registry.npmjs.org/@jridgewell/remapping/-/remapping-2.3.5.tgz 500ms (cache miss)
2348 http fetch GET 200 https://registry.npmjs.org/exsolve/-/exsolve-1.1.0.tgz 502ms (cache miss)
2349 http fetch GET 200 https://registry.npmjs.org/pkg-types/-/pkg-types-2.3.1.tgz 509ms (cache miss)
2350 http fetch GET 200 https://registry.npmjs.org/ufo/-/ufo-1.6.4.tgz 512ms (cache miss)
2351 http fetch GET 200 https://registry.npmjs.org/magic-string-ast/-/magic-string-ast-1.0.3.tgz 516ms (cache miss)
2352 http fetch GET 200 https://registry.npmjs.org/@jridgewell/resolve-uri/-/resolve-uri-3.1.2.tgz 520ms (cache miss)
2353 http fetch GET 200 https://registry.npmjs.org/jsesc/-/jsesc-3.1.0.tgz 522ms (cache miss)
2354 http fetch GET 200 https://registry.npmjs.org/ast-kit/-/ast-kit-2.2.0.tgz 527ms (cache miss)
2355 http fetch GET 200 https://registry.npmjs.org/acorn/-/acorn-8.17.0.tgz 532ms (cache miss)
2356 http fetch GET 200 https://registry.npmjs.org/confbox/-/confbox-0.2.4.tgz 553ms (cache miss)
2357 http fetch GET 200 https://registry.npmjs.org/@jridgewell/trace-mapping/-/trace-mapping-0.3.31.tgz 572ms (cache miss)
2358 http fetch GET 200 https://registry.npmjs.org/@jridgewell/gen-mapping/-/gen-mapping-0.3.13.tgz 621ms (cache miss)
2359 http fetch GET 200 https://registry.npmjs.org/@vue/language-core/-/language-core-3.3.7.tgz 653ms (cache miss)
2360 http fetch GET 200 https://registry.npmjs.org/quansync/-/quansync-0.2.11.tgz 675ms (cache miss)
2361 http fetch GET 200 https://registry.npmjs.org/@types/jsesc/-/jsesc-2.5.1.tgz 703ms (cache miss)
2362 http fetch GET 200 https://registry.npmjs.org/scule/-/scule-1.3.0.tgz 702ms (cache miss)
2363 http fetch GET 200 https://registry.npmjs.org/unplugin-utils/-/unplugin-utils-0.3.2.tgz 704ms (cache miss)
2364 http fetch GET 200 https://registry.npmjs.org/muggle-string/-/muggle-string-0.4.1.tgz 711ms (cache miss)
2365 http fetch GET 200 https://registry.npmjs.org/unplugin/-/unplugin-3.3.0.tgz 722ms (cache miss)
2366 http fetch GET 200 https://registry.npmjs.org/local-pkg/-/local-pkg-1.2.1.tgz 728ms (cache miss)
2367 http fetch GET 200 https://registry.npmjs.org/chokidar/-/chokidar-5.0.0.tgz 744ms (cache miss)
2368 http fetch GET 200 https://registry.npmjs.org/json5/-/json5-2.2.3.tgz 746ms (cache miss)
2369 http fetch GET 200 https://registry.npmjs.org/mlly/-/mlly-1.8.2.tgz 746ms (cache miss)
2370 http fetch GET 200 https://registry.npmjs.org/@babel/generator/-/generator-8.0.0.tgz 832ms (cache miss)
2371 http fetch GET 200 https://registry.npmjs.org/@vue/reactivity/-/reactivity-3.5.40.tgz 908ms (cache miss)
2372 http fetch GET 200 https://registry.npmjs.org/csstype/-/csstype-3.2.3.tgz 918ms (cache miss)
2373 http fetch GET 200 https://registry.npmjs.org/@vue/compiler-ssr/-/compiler-ssr-3.5.40.tgz 918ms (cache miss)
2374 http fetch GET 200 https://registry.npmjs.org/@vue-macros/common/-/common-3.1.3.tgz 930ms (cache miss)
2375 http fetch GET 200 https://registry.npmjs.org/convert-source-map/-/convert-source-map-2.0.0.tgz 930ms (cache miss)
2376 http fetch GET 200 https://registry.npmjs.org/yaml/-/yaml-2.9.0.tgz 939ms (cache miss)
2377 http fetch GET 200 https://registry.npmjs.org/@jridgewell/sourcemap-codec/-/sourcemap-codec-1.5.5.tgz 945ms (cache miss)
2378 http fetch GET 200 https://registry.npmjs.org/@standard-schema/spec/-/spec-1.1.0.tgz 992ms (cache miss)
2379 http fetch GET 200 https://registry.npmjs.org/@types/deep-eql/-/deep-eql-4.0.2.tgz 992ms (cache miss)
2380 http fetch GET 200 https://registry.npmjs.org/@types/chai/-/chai-5.2.3.tgz 1033ms (cache miss)
2381 http fetch GET 200 https://registry.npmjs.org/@vue/runtime-core/-/runtime-core-3.5.40.tgz 1064ms (cache miss)
2382 http fetch GET 200 https://registry.npmjs.org/assertion-error/-/assertion-error-2.0.1.tgz 1086ms (cache miss)
2383 http fetch GET 200 https://registry.npmjs.org/tinyrainbow/-/tinyrainbow-3.1.0.tgz 1131ms (cache miss)
2384 http fetch GET 200 https://registry.npmjs.org/why-is-node-running/-/why-is-node-running-2.3.0.tgz 1137ms (cache miss)
2385 http fetch GET 200 https://registry.npmjs.org/readdirp/-/readdirp-5.0.0.tgz 1148ms (cache miss)
2386 http fetch GET 200 https://registry.npmjs.org/ast-walker-scope/-/ast-walker-scope-0.9.0.tgz 1146ms (cache miss)
2387 http fetch GET 200 https://registry.npmjs.org/chai/-/chai-6.2.2.tgz 1146ms (cache miss)
2388 http fetch GET 200 https://registry.npmjs.org/tinyexec/-/tinyexec-1.2.4.tgz 1148ms (cache miss)
2389 http fetch GET 200 https://registry.npmjs.org/tinybench/-/tinybench-2.9.0.tgz 1150ms (cache miss)
2390 http fetch GET 200 https://registry.npmjs.org/pathe/-/pathe-2.0.3.tgz 1206ms (cache miss)
2391 http fetch GET 200 https://registry.npmjs.org/@vue/server-renderer/-/server-renderer-3.5.40.tgz 1219ms (cache miss)
2392 http fetch GET 200 https://registry.npmjs.org/obug/-/obug-2.1.3.tgz 1277ms (cache miss)
2393 http fetch GET 200 https://registry.npmjs.org/std-env/-/std-env-4.2.0.tgz 1281ms (cache miss)
2394 http fetch GET 200 https://registry.npmjs.org/magic-string/-/magic-string-0.30.21.tgz 1287ms (cache miss)
2395 http fetch GET 200 https://registry.npmjs.org/@vue/compiler-sfc/-/compiler-sfc-3.5.40.tgz 1305ms (cache miss)
2396 http fetch GET 200 https://registry.npmjs.org/es-module-lexer/-/es-module-lexer-2.3.1.tgz 1302ms (cache miss)
2397 http fetch GET 200 https://registry.npmjs.org/@vue/runtime-dom/-/runtime-dom-3.5.40.tgz 1312ms (cache miss)
2398 http fetch GET 200 https://registry.npmjs.org/expect-type/-/expect-type-1.4.0.tgz 1314ms (cache miss)
2399 http fetch GET 200 https://registry.npmjs.org/@vitest/snapshot/-/snapshot-4.1.10.tgz 1332ms (cache miss)
2400 http fetch GET 200 https://registry.npmjs.org/@vitest/spy/-/spy-4.1.10.tgz 1342ms (cache miss)
2401 http fetch GET 200 https://registry.npmjs.org/@vitest/pretty-format/-/pretty-format-4.1.10.tgz 1350ms (cache miss)
2402 http fetch GET 200 https://registry.npmjs.org/@vitest/runner/-/runner-4.1.10.tgz 1356ms (cache miss)
2403 http fetch GET 200 https://registry.npmjs.org/@vitest/utils/-/utils-4.1.10.tgz 1363ms (cache miss)
2404 http fetch GET 200 https://registry.npmjs.org/@vitest/expect/-/expect-4.1.10.tgz 1374ms (cache miss)
2405 http fetch GET 200 https://registry.npmjs.org/picocolors/-/picocolors-1.1.1.tgz 1431ms (cache miss)
2406 http fetch GET 200 https://registry.npmjs.org/detect-libc/-/detect-libc-2.1.2.tgz 1470ms (cache miss)
2407 http fetch GET 200 https://registry.npmjs.org/tinyglobby/-/tinyglobby-0.2.17.tgz 1478ms (cache miss)
2408 http fetch GET 200 https://registry.npmjs.org/@oxc-project/types/-/types-0.139.0.tgz 1491ms (cache miss)
2409 http fetch GET 200 https://registry.npmjs.org/nanoid/-/nanoid-3.3.16.tgz 1492ms (cache miss)
2410 http fetch GET 200 https://registry.npmjs.org/fdir/-/fdir-6.5.0.tgz 1498ms (cache miss)
2411 http fetch GET 200 https://registry.npmjs.org/@vitest/mocker/-/mocker-4.1.10.tgz 1523ms (cache miss)
2412 http fetch GET 200 https://registry.npmjs.org/is-fullwidth-code-point/-/is-fullwidth-code-point-3.0.0.tgz 1658ms (cache miss)
2413 http fetch GET 200 https://registry.npmjs.org/emoji-regex/-/emoji-regex-9.2.2.tgz 1669ms (cache miss)
2414 http fetch GET 200 https://registry.npmjs.org/eastasianwidth/-/eastasianwidth-0.2.0.tgz 1683ms (cache miss)
2415 http fetch GET 200 https://registry.npmjs.org/shebang-regex/-/shebang-regex-3.0.0.tgz 1692ms (cache miss)
2416 http fetch GET 200 https://registry.npmjs.org/picomatch/-/picomatch-4.0.5.tgz 1693ms (cache miss)
2417 http fetch GET 200 https://registry.npmjs.org/xmlchars/-/xmlchars-2.2.0.tgz 1701ms (cache miss)
2418 http fetch GET 200 https://registry.npmjs.org/abbrev/-/abbrev-2.0.0.tgz 1890ms (cache miss)
2419 http fetch GET 200 https://registry.npmjs.org/balanced-match/-/balanced-match-1.0.2.tgz 1892ms (cache miss)
2420 http fetch GET 200 https://registry.npmjs.org/@csstools/color-helpers/-/color-helpers-6.1.0.tgz 1901ms (cache miss)
2421 http fetch GET 200 https://registry.npmjs.org/mdn-data/-/mdn-data-2.27.1.tgz 1917ms (cache miss)
2422 http fetch GET 200 https://registry.npmjs.org/bidi-js/-/bidi-js-1.0.3.tgz 2094ms (cache miss)
2423 http fetch GET 200 https://registry.npmjs.org/require-from-string/-/require-from-string-2.0.2.tgz 2096ms (cache miss)
2424 http fetch GET 200 https://registry.npmjs.org/mime-db/-/mime-db-1.52.0.tgz 2099ms (cache miss)
2425 http fetch GET 200 https://registry.npmjs.org/@asamuzakjp/nwsapi/-/nwsapi-2.3.9.tgz 2122ms (cache miss)
2426 http fetch GET 200 https://registry.npmjs.org/brace-expansion/-/brace-expansion-2.1.2.tgz 2268ms (cache miss)
2427 http fetch GET 200 https://registry.npmjs.org/tldts/-/tldts-7.4.9.tgz 2288ms (cache miss)
2428 http fetch GET 200 https://registry.npmjs.org/@csstools/css-color-parser/-/css-color-parser-4.1.9.tgz 2297ms (cache miss)
2429 http fetch GET 200 https://registry.npmjs.org/@csstools/css-parser-algorithms/-/css-parser-algorithms-4.0.0.tgz 2321ms (cache miss)
2430 http fetch GET 200 https://registry.npmjs.org/@csstools/css-tokenizer/-/css-tokenizer-4.0.0.tgz 2326ms (cache miss)
2431 http fetch GET 200 https://registry.npmjs.org/@asamuzakjp/generational-cache/-/generational-cache-1.0.1.tgz 2338ms (cache miss)
2432 http fetch GET 200 https://registry.npmjs.org/nostics/-/nostics-1.1.4.tgz 2353ms (cache miss)
2433 http fetch GET 200 https://registry.npmjs.org/ansi-regex/-/ansi-regex-6.2.2.tgz 2497ms (cache miss)
2434 http fetch GET 200 https://registry.npmjs.org/xml-name-validator/-/xml-name-validator-5.0.0.tgz 2491ms (cache miss)
2435 http fetch GET 200 https://registry.npmjs.org/whatwg-url/-/whatwg-url-16.0.1.tgz 2500ms (cache miss)
2436 http fetch GET 200 https://registry.npmjs.org/webidl-conversions/-/webidl-conversions-8.0.1.tgz 2510ms (cache miss)
2437 http fetch GET 200 https://registry.npmjs.org/w3c-xmlserializer/-/w3c-xmlserializer-5.0.0.tgz 2511ms (cache miss)
2438 http fetch GET 200 https://registry.npmjs.org/saxes/-/saxes-6.0.0.tgz 2700ms (cache miss)
2439 http fetch GET 200 https://registry.npmjs.org/symbol-tree/-/symbol-tree-3.2.4.tgz 2713ms (cache miss)
2440 http fetch GET 200 https://registry.npmjs.org/tough-cookie/-/tough-cookie-6.0.2.tgz 2722ms (cache miss)
2441 http fetch GET 200 https://registry.npmjs.org/is-potential-custom-element-name/-/is-potential-custom-element-name-1.0.1.tgz 2726ms (cache miss)
2442 http fetch GET 200 https://registry.npmjs.org/parse5/-/parse5-8.0.1.tgz 2743ms (cache miss)
2443 http fetch GET 200 https://registry.npmjs.org/data-urls/-/data-urls-7.0.0.tgz 2916ms (cache miss)
2444 http fetch GET 200 https://registry.npmjs.org/decimal.js/-/decimal.js-10.6.0.tgz 2958ms (cache miss)
2445 http fetch GET 200 https://registry.npmjs.org/undici/-/undici-7.28.0.tgz 3146ms (cache miss)
2446 http fetch GET 200 https://registry.npmjs.org/lightningcss-win32-x64-msvc/-/lightningcss-win32-x64-msvc-1.32.0.tgz 3161ms (cache miss)
2447 http fetch GET 200 https://registry.npmjs.org/css-tree/-/css-tree-3.2.1.tgz 3187ms (cache miss)
2448 http fetch GET 200 https://registry.npmjs.org/@csstools/css-syntax-patches-for-csstree/-/css-syntax-patches-for-csstree-1.1.6.tgz 3195ms (cache miss)
2449 http fetch GET 200 https://registry.npmjs.org/@exodus/bytes/-/bytes-1.15.1.tgz 3204ms (cache miss)
2450 http fetch GET 200 https://registry.npmjs.org/postcss/-/postcss-8.5.19.tgz 3217ms (cache miss)
2451 http fetch GET 200 https://registry.npmjs.org/@asamuzakjp/dom-selector/-/dom-selector-7.1.1.tgz 3285ms (cache miss)
2452 http fetch GET 200 https://registry.npmjs.org/@asamuzakjp/css-color/-/css-color-5.1.11.tgz 3295ms (cache miss)
2453 http fetch GET 200 https://registry.npmjs.org/wrap-ansi/-/wrap-ansi-8.1.0.tgz 3350ms (cache miss)
2454 http fetch GET 200 https://registry.npmjs.org/wrap-ansi/-/wrap-ansi-7.0.0.tgz 3387ms (cache miss)
2455 http fetch GET 200 https://registry.npmjs.org/whatwg-mimetype/-/whatwg-mimetype-5.0.0.tgz 3455ms (cache miss)
2456 http fetch GET 200 https://registry.npmjs.org/strip-ansi/-/strip-ansi-6.0.1.tgz 3465ms (cache miss)
2457 http fetch GET 200 https://registry.npmjs.org/string-width/-/string-width-4.2.3.tgz 3488ms (cache miss)
2458 http fetch GET 200 https://registry.npmjs.org/string-width/-/string-width-5.1.2.tgz 3560ms (cache miss)
2459 http fetch GET 200 https://registry.npmjs.org/@pkgjs/parseargs/-/parseargs-0.11.0.tgz 3607ms (cache miss)
2460 http fetch GET 200 https://registry.npmjs.org/html-encoding-sniffer/-/html-encoding-sniffer-6.0.0.tgz 3641ms (cache miss)
2461 http fetch GET 200 https://registry.npmjs.org/@isaacs/cliui/-/cliui-8.0.2.tgz 3672ms (cache miss)
2462 http fetch GET 200 https://registry.npmjs.org/path-key/-/path-key-3.1.1.tgz 3702ms (cache miss)
2463 http fetch GET 200 https://registry.npmjs.org/which/-/which-2.0.2.tgz 3704ms (cache miss)
2464 http fetch GET 200 https://registry.npmjs.org/shebang-command/-/shebang-command-2.0.0.tgz 3805ms (cache miss)
2465 http fetch GET 200 https://registry.npmjs.org/lightningcss/-/lightningcss-1.32.0.tgz 3824ms (cache miss)
2466 http fetch GET 200 https://registry.npmjs.org/signal-exit/-/signal-exit-4.1.0.tgz 3820ms (cache miss)
2467 http fetch GET 200 https://registry.npmjs.org/cross-spawn/-/cross-spawn-7.0.6.tgz 3829ms (cache miss)
2468 http fetch GET 200 https://registry.npmjs.org/package-json-from-dist/-/package-json-from-dist-1.0.1.tgz 3873ms (cache miss)
2469 http fetch GET 200 https://registry.npmjs.org/tldts-core/-/tldts-core-7.4.9.tgz 3968ms (cache miss)
2470 http fetch GET 200 https://registry.npmjs.org/jackspeak/-/jackspeak-3.4.3.tgz 3955ms (cache miss)
2471 http fetch GET 200 https://registry.npmjs.org/strip-ansi/-/strip-ansi-7.2.0.tgz 3984ms (cache miss)
2472 http fetch GET 200 https://registry.npmjs.org/path-scurry/-/path-scurry-1.11.1.tgz 4049ms (cache miss)
2473 http fetch GET 200 https://registry.npmjs.org/@csstools/css-calc/-/css-calc-3.2.1.tgz 4065ms (cache miss)
2474 http fetch GET 200 https://registry.npmjs.org/@one-ini/wasm/-/wasm-0.1.1.tgz 4063ms (cache miss)
2475 http fetch GET 200 https://registry.npmjs.org/proto-list/-/proto-list-1.2.4.tgz 4072ms (cache miss)
2476 http fetch GET 200 https://registry.npmjs.org/minimatch/-/minimatch-9.0.9.tgz 4107ms (cache miss)
2477 http fetch GET 200 https://registry.npmjs.org/foreground-child/-/foreground-child-3.3.1.tgz 4109ms (cache miss)
2478 http fetch GET 200 https://registry.npmjs.org/commander/-/commander-10.0.1.tgz 4188ms (cache miss)
2479 http fetch GET 200 https://registry.npmjs.org/ini/-/ini-1.3.8.tgz 4205ms (cache miss)
2480 http fetch GET 200 https://registry.npmjs.org/js-cookie/-/js-cookie-3.0.8.tgz 4267ms (cache miss)
2481 http fetch GET 200 https://registry.npmjs.org/editorconfig/-/editorconfig-1.0.7.tgz 4275ms (cache miss)
2482 http fetch GET 200 https://registry.npmjs.org/debug/-/debug-4.4.3.tgz 4275ms (cache miss)
2483 http fetch GET 200 https://registry.npmjs.org/rolldown/-/rolldown-1.1.5.tgz 4310ms (cache miss)
2484 http fetch GET 200 https://registry.npmjs.org/glob/-/glob-10.5.0.tgz 4310ms (cache miss)
2485 warn deprecated glob@10.5.0: Old versions of glob are not supported, and contain widely publicized security vulnerabilities, which have been fixed in the current version. Please update. Support for old versions may be purchased (at exorbitant rates) by contacting i@izs.me
2486 http fetch GET 200 https://registry.npmjs.org/nopt/-/nopt-7.2.1.tgz 4355ms (cache miss)
2487 http fetch GET 200 https://registry.npmjs.org/config-chain/-/config-chain-1.1.13.tgz 4390ms (cache miss)
2488 http fetch GET 200 https://registry.npmjs.org/ms/-/ms-2.1.3.tgz 4402ms (cache miss)
2489 http fetch GET 200 https://registry.npmjs.org/dunder-proto/-/dunder-proto-1.0.1.tgz 4404ms (cache miss)
2490 http fetch GET 200 https://registry.npmjs.org/agent-base/-/agent-base-6.0.2.tgz 4453ms (cache miss)
2491 http fetch GET 200 https://registry.npmjs.org/math-intrinsics/-/math-intrinsics-1.1.0.tgz 4469ms (cache miss)
2492 http fetch GET 200 https://registry.npmjs.org/semver/-/semver-7.8.5.tgz 4475ms (cache miss)
2493 http fetch GET 200 https://registry.npmjs.org/gopd/-/gopd-1.2.0.tgz 4479ms (cache miss)
2494 http fetch GET 200 https://registry.npmjs.org/has-symbols/-/has-symbols-1.1.0.tgz 4495ms (cache miss)
2495 http fetch GET 200 https://registry.npmjs.org/get-proto/-/get-proto-1.0.1.tgz 4570ms (cache miss)
2496 http fetch GET 200 https://registry.npmjs.org/es-define-property/-/es-define-property-1.0.1.tgz 4597ms (cache miss)
2497 http fetch GET 200 https://registry.npmjs.org/call-bind-apply-helpers/-/call-bind-apply-helpers-1.0.2.tgz 4626ms (cache miss)
2498 http fetch GET 200 https://registry.npmjs.org/es-object-atoms/-/es-object-atoms-1.1.2.tgz 4644ms (cache miss)
2499 http fetch GET 200 https://registry.npmjs.org/has-tostringtag/-/has-tostringtag-1.0.2.tgz 4650ms (cache miss)
2500 http fetch GET 200 https://registry.npmjs.org/hasown/-/hasown-2.0.4.tgz 4661ms (cache miss)
2501 http fetch GET 200 https://registry.npmjs.org/mime-types/-/mime-types-2.1.35.tgz 4673ms (cache miss)
2502 http fetch GET 200 https://registry.npmjs.org/es-errors/-/es-errors-1.3.0.tgz 4713ms (cache miss)
2503 http fetch GET 200 https://registry.npmjs.org/function-bind/-/function-bind-1.1.2.tgz 4727ms (cache miss)
2504 http fetch GET 200 https://registry.npmjs.org/combined-stream/-/combined-stream-1.0.8.tgz 4795ms (cache miss)
2505 http fetch GET 200 https://registry.npmjs.org/get-intrinsic/-/get-intrinsic-1.3.0.tgz 4821ms (cache miss)
2506 http fetch GET 200 https://registry.npmjs.org/delayed-stream/-/delayed-stream-1.0.0.tgz 4831ms (cache miss)
2507 http fetch GET 200 https://registry.npmjs.org/asynckit/-/asynckit-0.4.0.tgz 4855ms (cache miss)
2508 http fetch GET 200 https://registry.npmjs.org/es-set-tostringtag/-/es-set-tostringtag-2.1.0.tgz 4858ms (cache miss)
2509 http fetch GET 200 https://registry.npmjs.org/@types/web-bluetooth/-/web-bluetooth-0.0.21.tgz 4881ms (cache miss)
2510 http fetch GET 200 https://registry.npmjs.org/@vueuse/metadata/-/metadata-14.3.0.tgz 4895ms (cache miss)
2511 http fetch GET 200 https://registry.npmjs.org/memoize-one/-/memoize-one-6.0.0.tgz 4943ms (cache miss)
2512 http fetch GET 200 https://registry.npmjs.org/@vueuse/shared/-/shared-14.3.0.tgz 4944ms (cache miss)
2513 http fetch GET 200 https://registry.npmjs.org/@floating-ui/utils/-/utils-0.2.12.tgz 5004ms (cache miss)
2514 http fetch GET 200 https://registry.npmjs.org/lodash-unified/-/lodash-unified-1.0.3.tgz 5066ms (cache miss)
2515 http fetch GET 200 https://registry.npmjs.org/lru-cache/-/lru-cache-11.5.2.tgz 5167ms (cache miss)
2516 http fetch GET 200 https://registry.npmjs.org/normalize-wheel-es/-/normalize-wheel-es-1.2.0.tgz 5194ms (cache miss)
2517 http fetch GET 200 https://registry.npmjs.org/minipass/-/minipass-7.1.3.tgz 5251ms (cache miss)
2518 http fetch GET 200 https://registry.npmjs.org/@vueuse/core/-/core-14.3.0.tgz 5329ms (cache miss)
2519 http fetch GET 200 https://registry.npmjs.org/@sxzz/popperjs-es/-/popperjs-es-2.11.8.tgz 5366ms (cache miss)
2520 http fetch GET 200 https://registry.npmjs.org/@floating-ui/dom/-/dom-1.8.0.tgz 5385ms (cache miss)
2521 http fetch GET 200 https://registry.npmjs.org/async-validator/-/async-validator-4.2.5.tgz 5407ms (cache miss)
2522 http fetch GET 200 https://registry.npmjs.org/follow-redirects/-/follow-redirects-1.16.0.tgz 5420ms (cache miss)
2523 http fetch GET 200 https://registry.npmjs.org/https-proxy-agent/-/https-proxy-agent-5.0.1.tgz 5437ms (cache miss)
2524 http fetch GET 200 https://registry.npmjs.org/proxy-from-env/-/proxy-from-env-2.1.0.tgz 5446ms (cache miss)
2525 http fetch GET 200 https://registry.npmjs.org/@ctrl/tinycolor/-/tinycolor-4.2.0.tgz 5449ms (cache miss)
2526 http fetch GET 200 https://registry.npmjs.org/vue-component-type-helpers/-/vue-component-type-helpers-3.3.7.tgz 5528ms (cache miss)
2527 http fetch GET 200 https://registry.npmjs.org/perfect-debounce/-/perfect-debounce-2.1.0.tgz 5613ms (cache miss)
2528 http fetch GET 200 https://registry.npmjs.org/@vue/devtools-shared/-/devtools-shared-8.1.5.tgz 5631ms (cache miss)
2529 http fetch GET 200 https://registry.npmjs.org/hookable/-/hookable-5.5.3.tgz 5636ms (cache miss)
2530 http fetch GET 200 https://registry.npmjs.org/@floating-ui/core/-/core-1.8.0.tgz 5679ms (cache miss)
2531 http fetch GET 200 https://registry.npmjs.org/@vue/devtools-kit/-/devtools-kit-8.1.5.tgz 5679ms (cache miss)
2532 http fetch GET 200 https://registry.npmjs.org/birpc/-/birpc-2.9.0.tgz 5700ms (cache miss)
2533 http fetch GET 200 https://registry.npmjs.org/@types/lodash-es/-/lodash-es-4.17.12.tgz 5728ms (cache miss)
2534 http fetch GET 200 https://registry.npmjs.org/form-data/-/form-data-4.0.6.tgz 5735ms (cache miss)
2535 http fetch GET 200 https://registry.npmjs.org/@babel/helper-string-parser/-/helper-string-parser-7.29.7.tgz 5732ms (cache miss)
2536 http fetch GET 200 https://registry.npmjs.org/dayjs/-/dayjs-1.11.21.tgz 5780ms (cache miss)
2537 http fetch GET 200 https://registry.npmjs.org/@babel/helper-validator-identifier/-/helper-validator-identifier-7.29.7.tgz 5784ms (cache miss)
2538 http fetch GET 200 https://registry.npmjs.org/estree-walker/-/estree-walker-2.0.2.tgz 5849ms (cache miss)
2539 http fetch GET 200 https://registry.npmjs.org/@rolldown/pluginutils/-/pluginutils-1.0.1.tgz 5883ms (cache miss)
2540 http fetch GET 200 https://registry.npmjs.org/vue-tsc/-/vue-tsc-3.3.7.tgz 5996ms (cache miss)
2541 http fetch GET 200 https://registry.npmjs.org/source-map-js/-/source-map-js-1.2.1.tgz 6025ms (cache miss)
2542 http fetch GET 200 https://registry.npmjs.org/@types/lodash/-/lodash-4.17.24.tgz 6035ms (cache miss)
2543 http fetch GET 200 https://registry.npmjs.org/@vue/compiler-core/-/compiler-core-3.5.40.tgz 6054ms (cache miss)
2544 http fetch GET 200 https://registry.npmjs.org/@vue/devtools-api/-/devtools-api-8.1.5.tgz 6069ms (cache miss)
2545 http fetch GET 200 https://registry.npmjs.org/@vue/shared/-/shared-3.5.40.tgz 6087ms (cache miss)
2546 http fetch GET 200 https://registry.npmjs.org/js-beautify/-/js-beautify-1.15.4.tgz 6164ms (cache miss)
2547 http fetch GET 200 https://registry.npmjs.org/@babel/parser/-/parser-7.29.7.tgz 6196ms (cache miss)
2548 http fetch GET 200 https://registry.npmjs.org/@babel/types/-/types-7.29.7.tgz 6199ms (cache miss)
2549 http fetch GET 200 https://registry.npmjs.org/vue-router/-/vue-router-5.2.0.tgz 6236ms (cache miss)
2550 http fetch GET 200 https://registry.npmjs.org/@element-plus/icons-vue/-/icons-vue-2.3.2.tgz 6272ms (cache miss)
2551 http fetch GET 200 https://registry.npmjs.org/undici-types/-/undici-types-8.3.0.tgz 6283ms (cache miss)
2552 http fetch GET 200 https://registry.npmjs.org/pinia/-/pinia-4.0.2.tgz 6289ms (cache miss)
2553 http fetch GET 200 https://registry.npmjs.org/lodash/-/lodash-4.18.1.tgz 6329ms (cache miss)
2554 http fetch GET 200 https://registry.npmjs.org/vitest/-/vitest-4.1.10.tgz 6424ms (cache miss)
2555 http fetch GET 200 https://registry.npmjs.org/@vitejs/plugin-vue/-/plugin-vue-6.0.8.tgz 6536ms (cache miss)
2556 http fetch GET 200 https://registry.npmjs.org/vite/-/vite-8.1.5.tgz 6563ms (cache miss)
2557 http fetch GET 200 https://registry.npmjs.org/@vue/test-utils/-/test-utils-2.4.11.tgz 6594ms (cache miss)
2558 http fetch GET 200 https://registry.npmjs.org/pkg-types/-/pkg-types-1.3.1.tgz 6605ms (cache miss)
2559 http fetch GET 200 https://registry.npmjs.org/@babel/helper-string-parser/-/helper-string-parser-8.0.0.tgz 6739ms (cache miss)
2560 http fetch GET 200 https://registry.npmjs.org/@babel/helper-validator-identifier/-/helper-validator-identifier-8.0.4.tgz 6744ms (cache miss)
2561 http fetch GET 200 https://registry.npmjs.org/confbox/-/confbox-0.1.8.tgz 6745ms (cache miss)
2562 http fetch GET 200 https://registry.npmjs.org/@types/node/-/node-26.1.1.tgz 6776ms (cache miss)
2563 http fetch GET 200 https://registry.npmjs.org/estree-walker/-/estree-walker-3.0.3.tgz 6820ms (cache miss)
2564 http fetch GET 200 https://registry.npmjs.org/ansi-regex/-/ansi-regex-5.0.1.tgz 6931ms (cache miss)
2565 http fetch GET 200 https://registry.npmjs.org/string-width/-/string-width-4.2.3.tgz 6938ms (cache miss)
2566 http fetch GET 200 https://registry.npmjs.org/@babel/parser/-/parser-8.0.4.tgz 6977ms (cache miss)
2567 http fetch GET 200 https://registry.npmjs.org/@babel/types/-/types-8.0.4.tgz 6984ms (cache miss)
2568 http fetch GET 200 https://registry.npmjs.org/typescript/-/typescript-7.0.2.tgz 7000ms (cache miss)
2569 http fetch GET 200 https://registry.npmjs.org/entities/-/entities-8.0.0.tgz 7024ms (cache miss)
2570 http fetch GET 200 https://registry.npmjs.org/ansi-regex/-/ansi-regex-5.0.1.tgz 7039ms (cache miss)
2571 http fetch GET 200 https://registry.npmjs.org/@rolldown/binding-win32-x64-msvc/-/binding-win32-x64-msvc-1.1.5.tgz 7158ms (cache miss)
2572 http fetch GET 200 https://registry.npmjs.org/emoji-regex/-/emoji-regex-8.0.0.tgz 7116ms (cache miss)
2573 http fetch GET 200 https://registry.npmjs.org/ansi-styles/-/ansi-styles-4.3.0.tgz 7128ms (cache miss)
2574 http fetch GET 200 https://registry.npmjs.org/ansi-regex/-/ansi-regex-5.0.1.tgz 7136ms (cache miss)
2575 http fetch GET 200 https://registry.npmjs.org/strip-ansi/-/strip-ansi-6.0.1.tgz 7137ms (cache miss)
2576 http fetch GET 200 https://registry.npmjs.org/strip-ansi/-/strip-ansi-6.0.1.tgz 7195ms (cache miss)
2577 http fetch GET 200 https://registry.npmjs.org/entities/-/entities-7.0.1.tgz 7213ms (cache miss)
2578 http fetch GET 200 https://registry.npmjs.org/@typescript/typescript-win32-x64/-/typescript-win32-x64-7.0.2.tgz 7310ms (cache miss)
2579 http fetch GET 200 https://registry.npmjs.org/emoji-regex/-/emoji-regex-8.0.0.tgz 7256ms (cache miss)
2580 http fetch GET 200 https://registry.npmjs.org/lodash-es/-/lodash-es-4.18.1.tgz 7333ms (cache miss)
2581 http fetch GET 200 https://registry.npmjs.org/axios/-/axios-1.18.1.tgz 7350ms (cache miss)
2582 http fetch GET 200 https://registry.npmjs.org/lru-cache/-/lru-cache-10.4.3.tgz 7426ms (cache miss)
2583 http fetch GET 200 https://registry.npmjs.org/@vue/compiler-dom/-/compiler-dom-3.5.40.tgz 7824ms (cache miss)
2584 http fetch GET 200 https://registry.npmjs.org/jsdom/-/jsdom-29.1.1.tgz 8700ms (cache miss)
2585 http fetch GET 200 https://registry.npmjs.org/@bramus/specificity/-/specificity-2.4.2.tgz 8911ms (cache miss)
2586 http fetch GET 200 https://registry.npmjs.org/vue/-/vue-3.5.40.tgz 9831ms (cache miss)
2587 http fetch GET 200 https://registry.npmjs.org/element-plus/-/element-plus-2.14.3.tgz 13624ms (cache miss)
2588 silly ADD node_modules/color-name
2589 silly ADD node_modules/color-convert
2590 silly ADD node_modules/@types/estree
2591 silly ADD node_modules/ansi-styles
2592 silly ADD node_modules/stackback
2593 silly ADD node_modules/siginfo
2594 silly ADD node_modules/isexe
2595 silly ADD node_modules/punycode
2596 silly ADD node_modules/tr46
2597 silly ADD node_modules/alien-signals
2598 silly ADD node_modules/@volar/source-map
2599 silly ADD node_modules/vscode-uri
2600 silly ADD node_modules/path-browserify
2601 silly ADD node_modules/@volar/language-core
2602 silly ADD node_modules/@vue/language-core
2603 silly ADD node_modules/@volar/typescript
2604 silly ADD node_modules/webpack-virtual-modules
2605 silly ADD node_modules/@jridgewell/remapping
2606 silly ADD node_modules/exsolve
2607 silly ADD node_modules/confbox
2608 silly ADD node_modules/ufo
2609 silly ADD node_modules/acorn
2610 silly ADD node_modules/quansync
2611 silly ADD node_modules/pkg-types
2612 silly ADD node_modules/readdirp
2613 silly ADD node_modules/magic-string-ast
2614 silly ADD node_modules/ast-kit
2615 silly ADD node_modules/@jridgewell/resolve-uri
2616 silly ADD node_modules/jsesc
2617 silly ADD node_modules/@types/jsesc
2618 silly ADD node_modules/@jridgewell/trace-mapping
2619 silly ADD node_modules/@jridgewell/gen-mapping
2620 silly ADD node_modules/yaml
2621 silly ADD node_modules/unplugin-utils
2622 silly ADD node_modules/unplugin
2623 silly ADD node_modules/scule
2624 silly ADD node_modules/muggle-string
2625 silly ADD node_modules/mlly
2626 silly ADD node_modules/mlly/node_modules/confbox
2627 silly ADD node_modules/mlly/node_modules/pkg-types
2628 silly ADD node_modules/local-pkg
2629 silly ADD node_modules/json5
2630 silly ADD node_modules/chokidar
2631 silly ADD node_modules/ast-walker-scope
2632 silly ADD node_modules/@vue-macros/common
2633 silly ADD node_modules/@babel/generator
2634 silly ADD node_modules/@babel/generator/node_modules/@babel/helper-validator-identifier
2635 silly ADD node_modules/@babel/generator/node_modules/@babel/helper-string-parser
2636 silly ADD node_modules/@babel/generator/node_modules/@babel/types
2637 silly ADD node_modules/@babel/generator/node_modules/@babel/parser
2638 silly ADD node_modules/csstype
2639 silly ADD node_modules/@vue/runtime-core
2640 silly ADD node_modules/@vue/reactivity
2641 silly ADD node_modules/@vue/compiler-ssr
2642 silly ADD node_modules/@vue/server-renderer
2643 silly ADD node_modules/@vue/runtime-dom
2644 silly ADD node_modules/@vue/compiler-sfc
2645 silly ADD node_modules/@jridgewell/sourcemap-codec
2646 silly ADD node_modules/convert-source-map
2647 silly ADD node_modules/assertion-error
2648 silly ADD node_modules/@types/deep-eql
2649 silly ADD node_modules/chai
2650 silly ADD node_modules/@types/chai
2651 silly ADD node_modules/@standard-schema/spec
2652 silly ADD node_modules/why-is-node-running
2653 silly ADD node_modules/tinyrainbow
2654 silly ADD node_modules/tinyexec
2655 silly ADD node_modules/tinybench
2656 silly ADD node_modules/std-env
2657 silly ADD node_modules/pathe
2658 silly ADD node_modules/obug
2659 silly ADD node_modules/magic-string
2660 silly ADD node_modules/expect-type
2661 silly ADD node_modules/es-module-lexer
2662 silly ADD node_modules/@vitest/utils
2663 silly ADD node_modules/@vitest/spy
2664 silly ADD node_modules/@vitest/snapshot
2665 silly ADD node_modules/@vitest/runner
2666 silly ADD node_modules/@vitest/pretty-format
2667 silly ADD node_modules/@vitest/mocker
2668 silly ADD node_modules/@vitest/mocker/node_modules/estree-walker
2669 silly ADD node_modules/@vitest/expect
2670 silly ADD node_modules/fdir
2671 silly ADD node_modules/@rolldown/binding-win32-x64-msvc
2672 silly ADD node_modules/@oxc-project/types
2673 silly ADD node_modules/picocolors
2674 silly ADD node_modules/nanoid
2675 silly ADD node_modules/lightningcss-win32-x64-msvc
2676 silly ADD node_modules/detect-libc
2677 silly ADD node_modules/tinyglobby
2678 silly ADD node_modules/rolldown
2679 silly ADD node_modules/postcss
2680 silly ADD node_modules/picomatch
2681 silly ADD node_modules/lightningcss
2682 silly ADD node_modules/@typescript/typescript-win32-x64
2683 silly ADD node_modules/tldts-core
2684 silly ADD node_modules/tldts
2685 silly ADD node_modules/ansi-regex
2686 silly ADD node_modules/is-fullwidth-code-point
2687 silly ADD node_modules/emoji-regex
2688 silly ADD node_modules/eastasianwidth
2689 silly ADD node_modules/shebang-regex
2690 silly ADD node_modules/xmlchars
2691 silly ADD node_modules/nostics
2692 silly ADD node_modules/abbrev
2693 silly ADD node_modules/balanced-match
2694 silly ADD node_modules/brace-expansion
2695 silly ADD node_modules/mime-db
2696 silly ADD node_modules/mdn-data
2697 silly ADD node_modules/require-from-string
2698 silly ADD node_modules/@csstools/color-helpers
2699 silly ADD node_modules/bidi-js
2700 silly ADD node_modules/@asamuzakjp/nwsapi
2701 silly ADD node_modules/@csstools/css-color-parser
2702 silly ADD node_modules/@csstools/css-tokenizer
2703 silly ADD node_modules/@csstools/css-parser-algorithms
2704 silly ADD node_modules/@csstools/css-calc
2705 silly ADD node_modules/@asamuzakjp/generational-cache
2706 silly ADD node_modules/xml-name-validator
2707 silly ADD node_modules/whatwg-url
2708 silly ADD node_modules/whatwg-mimetype
2709 silly ADD node_modules/webidl-conversions
2710 silly ADD node_modules/w3c-xmlserializer
2711 silly ADD node_modules/undici
2712 silly ADD node_modules/tough-cookie
2713 silly ADD node_modules/symbol-tree
2714 silly ADD node_modules/saxes
2715 silly ADD node_modules/parse5
2716 silly ADD node_modules/parse5/node_modules/entities
2717 silly ADD node_modules/lru-cache
2718 silly ADD node_modules/is-potential-custom-element-name
2719 silly ADD node_modules/html-encoding-sniffer
2720 silly ADD node_modules/decimal.js
2721 silly ADD node_modules/data-urls
2722 silly ADD node_modules/css-tree
2723 silly ADD node_modules/@exodus/bytes
2724 silly ADD node_modules/@csstools/css-syntax-patches-for-csstree
2725 silly ADD node_modules/@bramus/specificity
2726 silly ADD node_modules/@asamuzakjp/dom-selector
2727 silly ADD node_modules/@asamuzakjp/css-color
2728 silly ADD node_modules/wrap-ansi-cjs
2729 silly ADD node_modules/wrap-ansi-cjs/node_modules/ansi-regex
2730 silly ADD node_modules/wrap-ansi-cjs/node_modules/emoji-regex
2731 silly ADD node_modules/wrap-ansi-cjs/node_modules/strip-ansi
2732 silly ADD node_modules/wrap-ansi-cjs/node_modules/string-width
2733 silly ADD node_modules/wrap-ansi-cjs/node_modules/ansi-styles
2734 silly ADD node_modules/wrap-ansi
2735 silly ADD node_modules/strip-ansi-cjs
2736 silly ADD node_modules/strip-ansi-cjs/node_modules/ansi-regex
2737 silly ADD node_modules/strip-ansi
2738 silly ADD node_modules/string-width-cjs
2739 silly ADD node_modules/string-width-cjs/node_modules/ansi-regex
2740 silly ADD node_modules/string-width-cjs/node_modules/strip-ansi
2741 silly ADD node_modules/string-width-cjs/node_modules/emoji-regex
2742 silly ADD node_modules/string-width
2743 silly ADD node_modules/@pkgjs/parseargs
2744 silly ADD node_modules/@isaacs/cliui
2745 silly ADD node_modules/which
2746 silly ADD node_modules/shebang-command
2747 silly ADD node_modules/path-key
2748 silly ADD node_modules/signal-exit
2749 silly ADD node_modules/cross-spawn
2750 silly ADD node_modules/path-scurry
2751 silly ADD node_modules/path-scurry/node_modules/lru-cache
2752 silly ADD node_modules/package-json-from-dist
2753 silly ADD node_modules/minipass
2754 silly ADD node_modules/jackspeak
2755 silly ADD node_modules/foreground-child
2756 silly ADD node_modules/semver
2757 silly ADD node_modules/minimatch
2758 silly ADD node_modules/commander
2759 silly ADD node_modules/@one-ini/wasm
2760 silly ADD node_modules/proto-list
2761 silly ADD node_modules/ini
2762 silly ADD node_modules/nopt
2763 silly ADD node_modules/js-cookie
2764 silly ADD node_modules/glob
2765 silly ADD node_modules/editorconfig
2766 silly ADD node_modules/config-chain
2767 silly ADD node_modules/ms
2768 silly ADD node_modules/debug
2769 silly ADD node_modules/agent-base
2770 silly ADD node_modules/dunder-proto
2771 silly ADD node_modules/math-intrinsics
2772 silly ADD node_modules/has-symbols
2773 silly ADD node_modules/gopd
2774 silly ADD node_modules/get-proto
2775 silly ADD node_modules/function-bind
2776 silly ADD node_modules/es-object-atoms
2777 silly ADD node_modules/es-define-property
2778 silly ADD node_modules/call-bind-apply-helpers
2779 silly ADD node_modules/has-tostringtag
2780 silly ADD node_modules/get-intrinsic
2781 silly ADD node_modules/es-errors
2782 silly ADD node_modules/delayed-stream
2783 silly ADD node_modules/mime-types
2784 silly ADD node_modules/hasown
2785 silly ADD node_modules/es-set-tostringtag
2786 silly ADD node_modules/combined-stream
2787 silly ADD node_modules/asynckit
2788 silly ADD node_modules/@vueuse/shared
2789 silly ADD node_modules/@vueuse/metadata
2790 silly ADD node_modules/@types/web-bluetooth
2791 silly ADD node_modules/@floating-ui/utils
2792 silly ADD node_modules/@floating-ui/core
2793 silly ADD node_modules/normalize-wheel-es
2794 silly ADD node_modules/memoize-one
2795 silly ADD node_modules/lodash-unified
2796 silly ADD node_modules/lodash-es
2797 silly ADD node_modules/lodash
2798 silly ADD node_modules/dayjs
2799 silly ADD node_modules/async-validator
2800 silly ADD node_modules/@vueuse/core
2801 silly ADD node_modules/@types/lodash-es
2802 silly ADD node_modules/@types/lodash
2803 silly ADD node_modules/@popperjs/core
2804 silly ADD node_modules/@floating-ui/dom
2805 silly ADD node_modules/@element-plus/icons-vue
2806 silly ADD node_modules/@ctrl/tinycolor
2807 silly ADD node_modules/proxy-from-env
2808 silly ADD node_modules/https-proxy-agent
2809 silly ADD node_modules/form-data
2810 silly ADD node_modules/follow-redirects
2811 silly ADD node_modules/vue-component-type-helpers
2812 silly ADD node_modules/js-beautify
2813 silly ADD node_modules/perfect-debounce
2814 silly ADD node_modules/hookable
2815 silly ADD node_modules/birpc
2816 silly ADD node_modules/@vue/devtools-shared
2817 silly ADD node_modules/@vue/devtools-kit
2818 silly ADD node_modules/@babel/helper-validator-identifier
2819 silly ADD node_modules/@babel/helper-string-parser
2820 silly ADD node_modules/@babel/types
2821 silly ADD node_modules/source-map-js
2822 silly ADD node_modules/estree-walker
2823 silly ADD node_modules/entities
2824 silly ADD node_modules/@babel/parser
2825 silly ADD node_modules/@vue/shared
2826 silly ADD node_modules/@vue/compiler-core
2827 silly ADD node_modules/@rolldown/pluginutils
2828 silly ADD node_modules/undici-types
2829 silly ADD node_modules/vue-tsc
2830 silly ADD node_modules/vue-router
2831 silly ADD node_modules/vitest
2832 silly ADD node_modules/typescript
2833 silly ADD node_modules/@vue/devtools-api
2834 silly ADD node_modules/pinia
2835 silly ADD node_modules/jsdom
2836 silly ADD node_modules/element-plus
2837 silly ADD node_modules/axios
2838 silly ADD node_modules/@vue/compiler-dom
2839 silly ADD node_modules/@vue/test-utils
2840 silly ADD node_modules/vue
2841 silly ADD node_modules/vite
2842 silly ADD node_modules/@vitejs/plugin-vue
2843 silly ADD node_modules/@types/node
2844 verbose cwd D:\WMS\nuomi_wms\admin-web
2845 verbose os Windows_NT 10.0.26100
2846 verbose node v24.14.0
2847 verbose npm  v11.9.0
2848 notice
2848 notice New minor version of npm available! 11.9.0 -> 11.18.0
2848 notice Changelog: https://github.com/npm/cli/releases/tag/v11.18.0
2848 notice To update run: npm install -g npm@11.18.0
2848 notice  { force: true, Symbol(proc-log.meta): true }
2849 verbose exit 0
2850 info ok
